Trade_ID,Date,Stock_ID,Type,Quantity,Price,Total_Value
T1,2024-01-01,TCS,Sell,347,253.46,87950.62000000001
T2,2024-01-01,TCS,Sell,279,258.78,72199.62
T3,2024-01-01,TCS,Sell,27,258.55,6980.85
T4,2024-01-01,INFY,Sell,217,242.99,52728.83
T5,2024-01-01,INFY,Sell,273,240.14,65558.22
T6,2024-01-01,INFY,Sell,328,249.73,81911.44
T7,2024-01-01,RELIANCE,Buy,363,310.01,112533.62999999999
T8,2024-01-01,RELIANCE,Buy,481,310.53,149364.93
T9,2024-01-01,RELIANCE,Sell,314,315.01,98913.14
T10,2024-01-01,HDFCBANK,Sell,221,143.53,31720.13
T11,2024-01-01,HDFCBANK,Sell,446,142.22,63430.12
T12,2024-01-01,HDFCBANK,Sell,241,140.75,33920.75
T13,2024-01-01,TATAMOTORS,Sell,464,110.91,51462.24
T14,2024-01-01,TATAMOTORS,Buy,258,108.34,27951.72
T15,2024-01-01,TATAMOTORS,Buy,467,105.87,49441.29
T16,2024-01-02,TCS,Sell,269,241.2,64882.799999999996
T17,2024-01-02,TCS,Buy,196,239.58,46957.68
T18,2024-01-02,TCS,Buy,361,242.6,87578.59999999999
T19,2024-01-02,INFY,Buy,285,238.2,67887.0
T20,2024-01-02,INFY,Buy,444,237.36,105387.84000000001
T21,2024-01-02,INFY,Sell,75,245.8,18435.0
T22,2024-01-02,RELIANCE,Sell,479,293.21,140447.59
T23,2024-01-02,RELIANCE,Buy,497,290.93,144592.21
T24,2024-01-02,RELIANCE,Buy,341,292.97,99902.77
T25,2024-01-02,HDFCBANK,Sell,280,149.68,41910.4
T26,2024-01-02,HDFCBANK,Buy,374,151.96,56833.04
T27,2024-01-02,HDFCBANK,Sell,34,144.83,4924.22
T28,2024-01-02,TATAMOTORS,Buy,359,229.23,82293.56999999999
T29,2024-01-02,TATAMOTORS,Sell,278,241.14,67036.92
T30,2024-01-02,TATAMOTORS,Buy,252,233.81,58920.12
T31,2024-01-03,TCS,Sell,278,157.91,43898.979999999996
T32,2024-01-03,TCS,Buy,441,156.45,68994.45
T33,2024-01-03,TCS,Sell,236,162.68,38392.48
T34,2024-01-03,INFY,Sell,203,282.91,57430.73
T35,2024-01-03,INFY,Sell,254,275.21,69903.34
T36,2024-01-03,INFY,Buy,338,280.73,94886.74
T37,2024-01-03,RELIANCE,Buy,460,464.15,213509.0
T38,2024-01-03,RELIANCE,Sell,347,468.27,162489.69
T39,2024-01-03,RELIANCE,Buy,393,460.09,180815.37
T40,2024-01-03,HDFCBANK,Sell,222,158.65,35220.3
T41,2024-01-03,HDFCBANK,Sell,146,151.45,22111.699999999997
T42,2024-01-03,HDFCBANK,Buy,239,155.58,37183.62
T43,2024-01-03,TATAMOTORS,Buy,289,400.8,115831.2
T44,2024-01-03,TATAMOTORS,Sell,339,401.14,135986.46
T45,2024-01-03,TATAMOTORS,Sell,464,401.87,186467.68
T46,2024-01-04,TCS,Sell,417,395.36,164865.12
T47,2024-01-04,TCS,Sell,239,400.46,95709.94
T48,2024-01-04,TCS,Buy,24,402.49,9659.76
T49,2024-01-04,INFY,Buy,305,177.23,54055.149999999994
T50,2024-01-04,INFY,Buy,36,177.35,6384.599999999999
T51,2024-01-04,INFY,Sell,382,182.46,69699.72
T52,2024-01-04,RELIANCE,Buy,124,480.57,59590.68
T53,2024-01-04,RELIANCE,Sell,380,477.35,181393.0
T54,2024-01-04,RELIANCE,Sell,457,483.99,221183.43
T55,2024-01-04,HDFCBANK,Buy,24,143.05,3433.2000000000003
T56,2024-01-04,HDFCBANK,Sell,334,140.92,47067.28
T57,2024-01-04,HDFCBANK,Buy,103,139.24,14341.720000000001
T58,2024-01-04,TATAMOTORS,Sell,351,452.31,158760.81
T59,2024-01-04,TATAMOTORS,Sell,414,453.27,187653.78
T60,2024-01-04,TATAMOTORS,Sell,354,453.23,160443.42
T61,2024-01-05,TCS,Buy,454,146.31,66424.74
T62,2024-01-05,TCS,Sell,67,148.51,9950.17
T63,2024-01-05,TCS,Buy,356,146.13,52022.28
T64,2024-01-05,INFY,Buy,153,480.97,73588.41
T65,2024-01-05,INFY,Sell,111,484.79,53811.69
T66,2024-01-05,INFY,Buy,180,480.46,86482.8
T67,2024-01-05,RELIANCE,Sell,197,242.04,47681.88
T68,2024-01-05,RELIANCE,Buy,161,245.62,39544.82
T69,2024-01-05,RELIANCE,Sell,125,243.66,30457.5
T70,2024-01-05,HDFCBANK,Buy,238,357.38,85056.44
T71,2024-01-05,HDFCBANK,Sell,476,357.51,170174.76
T72,2024-01-05,HDFCBANK,Sell,436,351.76,153367.36
T73,2024-01-05,TATAMOTORS,Buy,91,253.06,23028.46
T74,2024-01-05,TATAMOTORS,Sell,459,255.1,117090.9
T75,2024-01-05,TATAMOTORS,Buy,411,257.03,105639.32999999999
T76,2024-01-06,TCS,Buy,418,140.2,58603.6
T77,2024-01-06,TCS,Buy,252,143.12,36066.24
T78,2024-01-06,TCS,Buy,113,137.81,15572.53
T79,2024-01-06,INFY,Buy,395,467.74,184757.30000000002
T80,2024-01-06,INFY,Sell,159,476.42,75750.78
T81,2024-01-06,INFY,Sell,269,470.99,126696.31
T82,2024-01-06,RELIANCE,Sell,495,329.29,162998.55000000002
T83,2024-01-06,RELIANCE,Buy,456,326.59,148925.03999999998
T84,2024-01-06,RELIANCE,Buy,155,329.19,51024.45
T85,2024-01-06,HDFCBANK,Buy,325,288.74,93840.5
T86,2024-01-06,HDFCBANK,Sell,215,287.81,61879.15
T87,2024-01-06,HDFCBANK,Buy,393,284.62,111855.66
T88,2024-01-06,TATAMOTORS,Sell,99,220.02,21781.98
T89,2024-01-06,TATAMOTORS,Sell,433,225.46,97624.18000000001
T90,2024-01-06,TATAMOTORS,Sell,363,230.79,83776.77
T91,2024-01-07,TCS,Buy,368,200.87,73920.16
T92,2024-01-07,TCS,Buy,153,202.42,30970.26
T93,2024-01-07,TCS,Sell,305,209.98,64043.899999999994
T94,2024-01-07,INFY,Buy,356,286.25,101905.0
T95,2024-01-07,INFY,Buy,251,286.83,71994.33
T96,2024-01-07,INFY,Buy,116,293.83,34084.28
T97,2024-01-07,RELIANCE,Buy,434,432.92,187887.28
T98,2024-01-07,RELIANCE,Sell,461,433.27,199737.47
T99,2024-01-07,RELIANCE,Sell,381,436.45,166287.44999999998
T100,2024-01-07,HDFCBANK,Buy,464,217.46,100901.44
T101,2024-01-07,HDFCBANK,Sell,474,216.95,102834.29999999999
T102,2024-01-07,HDFCBANK,Buy,436,217.68,94908.48
T103,2024-01-07,TATAMOTORS,Buy,52,413.88,21521.76
T104,2024-01-07,TATAMOTORS,Sell,81,418.78,33921.18
T105,2024-01-07,TATAMOTORS,Buy,87,422.58,36764.46
T106,2024-01-08,TCS,Sell,152,115.19,17508.88
T107,2024-01-08,TCS,Sell,143,120.05,17167.149999999998
T108,2024-01-08,TCS,Buy,440,118.36,52078.4
T109,2024-01-08,INFY,Buy,46,301.81,13883.26
T110,2024-01-08,INFY,Buy,469,300.95,141145.55
T111,2024-01-08,INFY,Sell,171,303.08,51826.68
T112,2024-01-08,RELIANCE,Buy,287,345.41,99132.67000000001
T113,2024-01-08,RELIANCE,Sell,291,343.97,100095.27
T114,2024-01-08,RELIANCE,Sell,261,343.74,89716.14
T115,2024-01-08,HDFCBANK,Buy,130,159.42,20724.6
T116,2024-01-08,HDFCBANK,Buy,432,157.98,68247.36
T117,2024-01-08,HDFCBANK,Sell,398,161.23,64169.53999999999
T118,2024-01-08,TATAMOTORS,Buy,140,295.91,41427.4
T119,2024-01-08,TATAMOTORS,Sell,486,293.48,142631.28
T120,2024-01-08,TATAMOTORS,Buy,39,296.98,11582.220000000001
T121,2024-01-09,TCS,Sell,297,231.6,68785.2
T122,2024-01-09,TCS,Sell,497,224.77,111710.69
T123,2024-01-09,TCS,Sell,184,224.69,41342.96
T124,2024-01-09,INFY,Sell,133,484.89,64490.369999999995
T125,2024-01-09,INFY,Sell,152,480.22,72993.44
T126,2024-01-09,INFY,Buy,228,482.69,110053.31999999999
T127,2024-01-09,RELIANCE,Buy,317,184.79,58578.43
T128,2024-01-09,RELIANCE,Sell,24,179.43,4306.32
T129,2024-01-09,RELIANCE,Sell,21,186.83,3923.4300000000003
T130,2024-01-09,HDFCBANK,Buy,206,180.05,37090.3
T131,2024-01-09,HDFCBANK,Sell,247,182.83,45159.01
T132,2024-01-09,HDFCBANK,Sell,131,181.8,23815.800000000003
T133,2024-01-09,TATAMOTORS,Buy,462,147.77,68269.74
T134,2024-01-09,TATAMOTORS,Buy,327,149.58,48912.66
T135,2024-01-09,TATAMOTORS,Buy,202,147.33,29760.660000000003
T136,2024-01-10,TCS,Buy,122,335.67,40951.740000000005
T137,2024-01-10,TCS,Sell,373,332.29,123944.17000000001
T138,2024-01-10,TCS,Buy,221,336.0,74256.0
T139,2024-01-10,INFY,Buy,38,261.6,9940.800000000001
T140,2024-01-10,INFY,Sell,40,260.92,10436.800000000001
T141,2024-01-10,INFY,Buy,165,260.38,42962.7
T142,2024-01-10,RELIANCE,Buy,471,346.35,163130.85
T143,2024-01-10,RELIANCE,Buy,308,341.33,105129.64
T144,2024-01-10,RELIANCE,Buy,400,346.1,138440.0
T145,2024-01-10,HDFCBANK,Sell,103,292.04,30080.120000000003
T146,2024-01-10,HDFCBANK,Buy,129,291.92,37657.68
T147,2024-01-10,HDFCBANK,Sell,478,291.61,139389.58000000002
T148,2024-01-10,TATAMOTORS,Sell,26,187.82,4883.32
T149,2024-01-10,TATAMOTORS,Sell,211,200.4,42284.4
T150,2024-01-10,TATAMOTORS,Sell,175,191.66,33540.5
T151,2024-01-11,TCS,Buy,289,350.61,101326.29000000001
T152,2024-01-11,TCS,Buy,184,347.18,63881.12
T153,2024-01-11,TCS,Sell,256,347.95,89075.2
T154,2024-01-11,INFY,Buy,179,305.14,54620.06
T155,2024-01-11,INFY,Sell,217,296.98,64444.66
T156,2024-01-11,INFY,Sell,429,298.51,128060.79
T157,2024-01-11,RELIANCE,Buy,82,279.82,22945.239999999998
T158,2024-01-11,RELIANCE,Sell,116,280.85,32578.600000000002
T159,2024-01-11,RELIANCE,Buy,331,282.42,93481.02
T160,2024-01-11,HDFCBANK,Sell,230,494.97,113843.1
T161,2024-01-11,HDFCBANK,Buy,339,493.19,167191.41
T162,2024-01-11,HDFCBANK,Sell,356,495.21,176294.75999999998
T163,2024-01-11,TATAMOTORS,Buy,58,103.1,5979.799999999999
T164,2024-01-11,TATAMOTORS,Buy,212,103.49,21939.879999999997
T165,2024-01-11,TATAMOTORS,Sell,348,100.1,34834.799999999996
T166,2024-01-12,TCS,Sell,87,487.38,42402.06
T167,2024-01-12,TCS,Buy,217,486.03,105468.51
T168,2024-01-12,TCS,Buy,70,489.81,34286.7
T169,2024-01-12,INFY,Sell,383,303.21,116129.43
T170,2024-01-12,INFY,Sell,310,305.72,94773.20000000001
T171,2024-01-12,INFY,Buy,227,306.63,69605.01
T172,2024-01-12,RELIANCE,Buy,153,333.67,51051.51
T173,2024-01-12,RELIANCE,Buy,369,337.33,124474.76999999999
T174,2024-01-12,RELIANCE,Sell,222,330.97,73475.34000000001
T175,2024-01-12,HDFCBANK,Buy,200,334.21,66842.0
T176,2024-01-12,HDFCBANK,Buy,263,334.32,87926.16
T177,2024-01-12,HDFCBANK,Buy,203,326.78,66336.34
T178,2024-01-12,TATAMOTORS,Sell,40,388.86,15554.400000000001
T179,2024-01-12,TATAMOTORS,Buy,339,394.29,133664.31
T180,2024-01-12,TATAMOTORS,Buy,240,388.71,93290.4
T181,2024-01-13,TCS,Sell,417,395.63,164977.71
T182,2024-01-13,TCS,Sell,214,395.87,84716.18000000001
T183,2024-01-13,TCS,Buy,480,403.06,193468.8
T184,2024-01-13,INFY,Sell,483,498.3,240678.9
T185,2024-01-13,INFY,Sell,431,493.84,212845.03999999998
T186,2024-01-13,INFY,Buy,470,499.22,234633.40000000002
T187,2024-01-13,RELIANCE,Buy,319,168.51,53754.689999999995
T188,2024-01-13,RELIANCE,Sell,251,168.23,42225.729999999996
T189,2024-01-13,RELIANCE,Sell,127,169.3,21501.100000000002
T190,2024-01-13,HDFCBANK,Buy,432,227.46,98262.72
T191,2024-01-13,HDFCBANK,Buy,273,226.49,61831.770000000004
T192,2024-01-13,HDFCBANK,Sell,162,226.1,36628.2
T193,2024-01-13,TATAMOTORS,Buy,295,213.95,63115.25
T194,2024-01-13,TATAMOTORS,Buy,464,214.68,99611.52
T195,2024-01-13,TATAMOTORS,Buy,388,213.74,82931.12000000001
T196,2024-01-14,TCS,Sell,77,319.49,24600.73
T197,2024-01-14,TCS,Sell,79,318.96,25197.84
T198,2024-01-14,TCS,Buy,167,320.44,53513.48
T199,2024-01-14,INFY,Sell,172,225.27,38746.44
T200,2024-01-14,INFY,Sell,127,228.79,29056.329999999998
T201,2024-01-14,INFY,Buy,416,228.8,95180.8
T202,2024-01-14,RELIANCE,Buy,29,290.88,8435.52
T203,2024-01-14,RELIANCE,Sell,418,289.76,121119.68
T204,2024-01-14,RELIANCE,Buy,234,297.63,69645.42
T205,2024-01-14,HDFCBANK,Buy,119,299.52,35642.88
T206,2024-01-14,HDFCBANK,Buy,495,302.88,149925.6
T207,2024-01-14,HDFCBANK,Sell,253,300.85,76115.05
T208,2024-01-14,TATAMOTORS,Buy,476,193.4,92058.40000000001
T209,2024-01-14,TATAMOTORS,Sell,296,185.22,54825.12
T210,2024-01-14,TATAMOTORS,Buy,145,185.45,26890.25
T211,2024-01-15,TCS,Sell,447,283.18,126581.46
T212,2024-01-15,TCS,Sell,90,285.57,25701.3
T213,2024-01-15,TCS,Buy,499,282.37,140902.63
T214,2024-01-15,INFY,Sell,263,442.44,116361.72
T215,2024-01-15,INFY,Buy,109,440.01,47961.09
T216,2024-01-15,INFY,Sell,22,438.72,9651.84
T217,2024-01-15,RELIANCE,Buy,323,127.47,41172.81
T218,2024-01-15,RELIANCE,Buy,110,126.88,13956.8
T219,2024-01-15,RELIANCE,Buy,465,116.46,54153.899999999994
T220,2024-01-15,HDFCBANK,Sell,377,220.26,83038.01999999999
T221,2024-01-15,HDFCBANK,Buy,212,226.93,48109.16
T222,2024-01-15,HDFCBANK,Buy,357,216.61,77329.77
T223,2024-01-15,TATAMOTORS,Buy,33,225.34,7436.22
T224,2024-01-15,TATAMOTORS,Buy,156,218.83,34137.48
T225,2024-01-15,TATAMOTORS,Buy,15,220.3,3304.5
T226,2024-01-16,TCS,Sell,321,276.18,88653.78
T227,2024-01-16,TCS,Buy,228,277.11,63181.08
T228,2024-01-16,TCS,Sell,397,278.67,110631.99
T229,2024-01-16,INFY,Sell,394,419.8,165401.2
T230,2024-01-16,INFY,Sell,137,422.39,57867.43
T231,2024-01-16,INFY,Sell,24,419.43,10066.32
T232,2024-01-16,RELIANCE,Sell,500,252.39,126195.0
T233,2024-01-16,RELIANCE,Sell,481,257.22,123722.82
T234,2024-01-16,RELIANCE,Buy,79,256.76,20284.04
T235,2024-01-16,HDFCBANK,Sell,289,475.29,137358.81
T236,2024-01-16,HDFCBANK,Buy,297,475.93,141351.21
T237,2024-01-16,HDFCBANK,Buy,143,464.98,66492.14
T238,2024-01-16,TATAMOTORS,Buy,173,228.98,39613.54
T239,2024-01-16,TATAMOTORS,Buy,79,230.23,18188.17
T240,2024-01-16,TATAMOTORS,Sell,382,229.33,87604.06
T241,2024-01-17,TCS,Buy,120,167.41,20089.2
T242,2024-01-17,TCS,Buy,362,169.96,61525.520000000004
T243,2024-01-17,TCS,Sell,82,163.99,13447.18
T244,2024-01-17,INFY,Buy,62,239.81,14868.22
T245,2024-01-17,INFY,Buy,321,241.79,77614.59
T246,2024-01-17,INFY,Sell,473,240.43,113723.39
T247,2024-01-17,RELIANCE,Buy,409,429.38,175616.41999999998
T248,2024-01-17,RELIANCE,Sell,93,420.65,39120.45
T249,2024-01-17,RELIANCE,Sell,287,424.35,121788.45000000001
T250,2024-01-17,HDFCBANK,Buy,349,245.12,85546.88
T251,2024-01-17,HDFCBANK,Buy,374,242.68,90762.32
T252,2024-01-17,HDFCBANK,Buy,136,244.73,33283.28
T253,2024-01-17,TATAMOTORS,Buy,19,343.99,6535.81
T254,2024-01-17,TATAMOTORS,Buy,82,344.62,28258.84
T255,2024-01-17,TATAMOTORS,Buy,185,342.33,63331.049999999996
T256,2024-01-18,TCS,Buy,170,196.07,33331.9
T257,2024-01-18,TCS,Buy,22,201.62,4435.64
T258,2024-01-18,TCS,Sell,386,200.2,77277.2
T259,2024-01-18,INFY,Sell,302,114.8,34669.6
T260,2024-01-18,INFY,Sell,134,115.55,15483.699999999999
T261,2024-01-18,INFY,Sell,71,115.33,8188.43
T262,2024-01-18,RELIANCE,Sell,364,218.74,79621.36
T263,2024-01-18,RELIANCE,Buy,418,219.83,91888.94
T264,2024-01-18,RELIANCE,Sell,350,228.25,79887.5
T265,2024-01-18,HDFCBANK,Buy,61,316.43,19302.23
T266,2024-01-18,HDFCBANK,Sell,159,317.34,50457.06
T267,2024-01-18,HDFCBANK,Buy,228,314.87,71790.36
T268,2024-01-18,TATAMOTORS,Sell,322,378.78,121967.15999999999
T269,2024-01-18,TATAMOTORS,Sell,368,376.61,138592.48
T270,2024-01-18,TATAMOTORS,Buy,104,378.9,39405.6
T271,2024-01-19,TCS,Buy,96,211.41,20295.36
T272,2024-01-19,TCS,Buy,290,216.89,62898.1
T273,2024-01-19,TCS,Buy,457,212.35,97043.95
T274,2024-01-19,INFY,Sell,110,164.15,18056.5
T275,2024-01-19,INFY,Sell,364,149.38,54374.32
T276,2024-01-19,INFY,Buy,33,153.56,5067.4800000000005
T277,2024-01-19,RELIANCE,Sell,123,490.21,60295.829999999994
T278,2024-01-19,RELIANCE,Sell,76,490.68,37291.68
T279,2024-01-19,RELIANCE,Sell,452,487.74,220458.48
T280,2024-01-19,HDFCBANK,Sell,421,240.03,101052.63
T281,2024-01-19,HDFCBANK,Sell,111,236.32,26231.52
T282,2024-01-19,HDFCBANK,Sell,157,242.23,38030.11
T283,2024-01-19,TATAMOTORS,Buy,193,447.48,86363.64
T284,2024-01-19,TATAMOTORS,Sell,222,436.99,97011.78
T285,2024-01-19,TATAMOTORS,Buy,170,447.46,76068.2
T286,2024-01-20,TCS,Buy,84,389.35,32705.4
T287,2024-01-20,TCS,Buy,462,391.55,180896.1
T288,2024-01-20,TCS,Sell,428,384.58,164600.24
T289,2024-01-20,INFY,Buy,67,294.44,19727.48
T290,2024-01-20,INFY,Sell,37,297.64,11012.68
T291,2024-01-20,INFY,Buy,169,297.3,50243.700000000004
T292,2024-01-20,RELIANCE,Sell,340,321.71,109381.4
T293,2024-01-20,RELIANCE,Buy,55,323.02,17766.1
T294,2024-01-20,RELIANCE,Sell,192,322.27,61875.84
T295,2024-01-20,HDFCBANK,Buy,347,232.81,80785.07
T296,2024-01-20,HDFCBANK,Buy,104,239.48,24905.92
T297,2024-01-20,HDFCBANK,Buy,329,235.28,77407.12
T298,2024-01-20,TATAMOTORS,Sell,297,382.57,113623.29
T299,2024-01-20,TATAMOTORS,Sell,36,385.77,13887.72
T300,2024-01-20,TATAMOTORS,Buy,66,376.66,24859.56
T301,2024-01-21,TCS,Buy,52,318.45,16559.399999999998
T302,2024-01-21,TCS,Sell,382,324.23,123855.86
T303,2024-01-21,TCS,Sell,311,324.11,100798.21
T304,2024-01-21,INFY,Sell,48,338.81,16262.880000000001
T305,2024-01-21,INFY,Sell,338,344.26,116359.87999999999
T306,2024-01-21,INFY,Buy,59,335.76,19809.84
T307,2024-01-21,RELIANCE,Sell,308,402.49,123966.92
T308,2024-01-21,RELIANCE,Buy,495,406.17,201054.15
T309,2024-01-21,RELIANCE,Buy,47,403.69,18973.43
T310,2024-01-21,HDFCBANK,Sell,289,321.92,93034.88
T311,2024-01-21,HDFCBANK,Buy,282,322.41,90919.62000000001
T312,2024-01-21,HDFCBANK,Buy,328,323.08,105970.23999999999
T313,2024-01-21,TATAMOTORS,Sell,47,214.04,10059.88
T314,2024-01-21,TATAMOTORS,Buy,191,214.86,41038.26
T315,2024-01-21,TATAMOTORS,Buy,99,220.46,21825.54
T316,2024-01-22,TCS,Buy,479,449.86,215482.94
T317,2024-01-22,TCS,Buy,334,445.14,148676.76
T318,2024-01-22,TCS,Buy,332,444.27,147497.63999999998
T319,2024-01-22,INFY,Sell,330,219.15,72319.5
T320,2024-01-22,INFY,Sell,104,218.88,22763.52
T321,2024-01-22,INFY,Buy,268,218.66,58600.88
T322,2024-01-22,RELIANCE,Buy,497,307.36,152757.92
T323,2024-01-22,RELIANCE,Sell,446,304.32,135726.72
T324,2024-01-22,RELIANCE,Buy,96,301.75,28968.0
T325,2024-01-22,HDFCBANK,Sell,379,109.98,41682.42
T326,2024-01-22,HDFCBANK,Buy,414,120.02,49688.28
T327,2024-01-22,HDFCBANK,Sell,263,111.06,29208.78
T328,2024-01-22,TATAMOTORS,Sell,51,490.35,25007.850000000002
T329,2024-01-22,TATAMOTORS,Buy,198,489.12,96845.76
T330,2024-01-22,TATAMOTORS,Sell,126,491.69,61952.94
T331,2024-01-23,TCS,Buy,137,191.75,26269.75
T332,2024-01-23,TCS,Sell,279,194.67,54312.92999999999
T333,2024-01-23,TCS,Sell,395,187.97,74248.15
T334,2024-01-23,INFY,Buy,263,213.86,56245.18
T335,2024-01-23,INFY,Sell,257,214.42,55105.939999999995
T336,2024-01-23,INFY,Sell,104,216.96,22563.84
T337,2024-01-23,RELIANCE,Buy,338,99.69,33695.22
T338,2024-01-23,RELIANCE,Sell,280,107.26,30032.800000000003
T339,2024-01-23,RELIANCE,Sell,16,101.18,1618.88
T340,2024-01-23,HDFCBANK,Sell,305,256.93,78363.65000000001
T341,2024-01-23,HDFCBANK,Buy,138,263.28,36332.64
T342,2024-01-23,HDFCBANK,Buy,292,262.11,76536.12000000001
T343,2024-01-23,TATAMOTORS,Buy,433,429.15,185821.94999999998
T344,2024-01-23,TATAMOTORS,Buy,351,433.55,152176.05000000002
T345,2024-01-23,TATAMOTORS,Sell,323,428.36,138360.28
T346,2024-01-24,TCS,Sell,205,334.98,68670.90000000001
T347,2024-01-24,TCS,Buy,351,338.56,118834.56
T348,2024-01-24,TCS,Sell,380,335.61,127531.8
T349,2024-01-24,INFY,Sell,239,285.82,68310.98
T350,2024-01-24,INFY,Sell,70,282.42,19769.4
T351,2024-01-24,INFY,Buy,232,282.96,65646.72
T352,2024-01-24,RELIANCE,Buy,85,415.63,35328.55
T353,2024-01-24,RELIANCE,Buy,406,418.96,170097.75999999998
T354,2024-01-24,RELIANCE,Buy,249,412.98,102832.02
T355,2024-01-24,HDFCBANK,Sell,222,354.12,78614.64
T356,2024-01-24,HDFCBANK,Sell,18,358.37,6450.66
T357,2024-01-24,HDFCBANK,Buy,162,357.7,57947.4
T358,2024-01-24,TATAMOTORS,Sell,181,249.08,45083.48
T359,2024-01-24,TATAMOTORS,Sell,439,254.22,111602.58
T360,2024-01-24,TATAMOTORS,Buy,374,249.89,93458.86
T361,2024-01-25,TCS,Sell,398,286.26,113931.48
T362,2024-01-25,TCS,Sell,421,283.28,119260.87999999999
T363,2024-01-25,TCS,Buy,30,287.11,8613.300000000001
T364,2024-01-25,INFY,Buy,196,192.09,37649.64
T365,2024-01-25,INFY,Buy,11,193.16,2124.7599999999998
T366,2024-01-25,INFY,Buy,316,188.19,59468.04
T367,2024-01-25,RELIANCE,Sell,321,121.62,39040.020000000004
T368,2024-01-25,RELIANCE,Buy,256,125.8,32204.8
T369,2024-01-25,RELIANCE,Buy,25,121.51,3037.75
T370,2024-01-25,HDFCBANK,Buy,60,211.71,12702.6
T371,2024-01-25,HDFCBANK,Sell,68,209.53,14248.04
T372,2024-01-25,HDFCBANK,Buy,330,204.88,67610.4
T373,2024-01-25,TATAMOTORS,Buy,17,394.77,6711.09
T374,2024-01-25,TATAMOTORS,Sell,418,387.16,161832.88
T375,2024-01-25,TATAMOTORS,Buy,310,390.14,120943.4
T376,2024-01-26,TCS,Sell,210,436.19,91599.9
T377,2024-01-26,TCS,Buy,354,430.16,152276.64
T378,2024-01-26,TCS,Sell,60,429.0,25740.0
T379,2024-01-26,INFY,Sell,42,298.79,12549.18
T380,2024-01-26,INFY,Buy,497,298.04,148125.88
T381,2024-01-26,INFY,Buy,64,298.93,19131.52
T382,2024-01-26,RELIANCE,Buy,326,131.25,42787.5
T383,2024-01-26,RELIANCE,Buy,179,124.82,22342.78
T384,2024-01-26,RELIANCE,Buy,155,130.94,20295.7
T385,2024-01-26,HDFCBANK,Sell,158,391.56,61866.48
T386,2024-01-26,HDFCBANK,Sell,200,386.78,77356.0
T387,2024-01-26,HDFCBANK,Sell,417,390.99,163042.83000000002
T388,2024-01-26,TATAMOTORS,Buy,254,449.35,114134.90000000001
T389,2024-01-26,TATAMOTORS,Buy,242,453.35,109710.70000000001
T390,2024-01-26,TATAMOTORS,Sell,60,451.74,27104.4
T391,2024-01-27,TCS,Buy,445,309.7,137816.5
T392,2024-01-27,TCS,Sell,439,314.0,137846.0
T393,2024-01-27,TCS,Buy,34,307.41,10451.94
T394,2024-01-27,INFY,Buy,432,470.38,203204.16
T395,2024-01-27,INFY,Sell,261,471.49,123058.89
T396,2024-01-27,INFY,Sell,254,473.01,120144.54
T397,2024-01-27,RELIANCE,Buy,398,286.67,114094.66
T398,2024-01-27,RELIANCE,Buy,322,291.42,93837.24
T399,2024-01-27,RELIANCE,Buy,286,285.18,81561.48
T400,2024-01-27,HDFCBANK,Buy,450,298.31,134239.5
T401,2024-01-27,HDFCBANK,Sell,424,290.03,122972.71999999999
T402,2024-01-27,HDFCBANK,Buy,250,296.78,74195.0
T403,2024-01-27,TATAMOTORS,Buy,190,324.33,61622.7
T404,2024-01-27,TATAMOTORS,Buy,105,322.7,33883.5
T405,2024-01-27,TATAMOTORS,Buy,315,329.54,103805.1
T406,2024-01-28,TCS,Sell,115,214.39,24654.85
T407,2024-01-28,TCS,Buy,453,207.04,93789.12
T408,2024-01-28,TCS,Sell,232,207.31,48095.92
T409,2024-01-28,INFY,Sell,463,446.16,206572.08000000002
T410,2024-01-28,INFY,Buy,171,447.79,76572.09
T411,2024-01-28,INFY,Sell,452,445.57,201397.63999999998
T412,2024-01-28,RELIANCE,Sell,300,225.53,67659.0
T413,2024-01-28,RELIANCE,Sell,109,230.13,25084.17
T414,2024-01-28,RELIANCE,Sell,265,224.87,59590.55
T415,2024-01-28,HDFCBANK,Buy,356,479.11,170563.16
T416,2024-01-28,HDFCBANK,Sell,252,479.09,120730.68
T417,2024-01-28,HDFCBANK,Sell,136,481.26,65451.36
T418,2024-01-28,TATAMOTORS,Sell,54,331.22,17885.88
T419,2024-01-28,TATAMOTORS,Buy,382,327.44,125082.08
T420,2024-01-28,TATAMOTORS,Sell,80,324.9,25992.0
T421,2024-01-29,TCS,Buy,283,263.88,74678.04
T422,2024-01-29,TCS,Sell,173,271.63,46991.99
T423,2024-01-29,TCS,Buy,140,275.23,38532.200000000004
T424,2024-01-29,INFY,Buy,348,401.08,139575.84
T425,2024-01-29,INFY,Sell,112,402.07,45031.84
T426,2024-01-29,INFY,Sell,349,397.31,138661.19
T427,2024-01-29,RELIANCE,Buy,46,101.35,4662.099999999999
T428,2024-01-29,RELIANCE,Sell,350,105.27,36844.5
T429,2024-01-29,RELIANCE,Buy,345,103.88,35838.6
T430,2024-01-29,HDFCBANK,Sell,22,379.43,8347.460000000001
T431,2024-01-29,HDFCBANK,Buy,330,385.69,127277.7
T432,2024-01-29,HDFCBANK,Buy,466,383.78,178841.47999999998
T433,2024-01-29,TATAMOTORS,Sell,445,478.25,212821.25
T434,2024-01-29,TATAMOTORS,Sell,217,483.69,104960.73
T435,2024-01-29,TATAMOTORS,Sell,444,479.35,212831.40000000002
T436,2024-01-30,TCS,Sell,442,116.73,51594.66
T437,2024-01-30,TCS,Sell,184,118.98,21892.32
T438,2024-01-30,TCS,Buy,160,115.65,18504.0
T439,2024-01-30,INFY,Buy,134,382.19,51213.46
T440,2024-01-30,INFY,Buy,220,380.22,83648.40000000001
T441,2024-01-30,INFY,Sell,465,382.81,178006.65
T442,2024-01-30,RELIANCE,Sell,62,385.09,23875.579999999998
T443,2024-01-30,RELIANCE,Buy,204,388.07,79166.28
T444,2024-01-30,RELIANCE,Buy,143,385.6,55140.8
T445,2024-01-30,HDFCBANK,Buy,362,247.86,89725.32
T446,2024-01-30,HDFCBANK,Sell,302,247.63,74784.26
T447,2024-01-30,HDFCBANK,Sell,375,250.28,93855.0
T448,2024-01-30,TATAMOTORS,Buy,240,255.21,61250.4
T449,2024-01-30,TATAMOTORS,Buy,166,257.59,42759.939999999995
T450,2024-01-30,TATAMOTORS,Buy,219,255.4,55932.6
T451,2024-01-31,TCS,Buy,359,267.63,96079.17
T452,2024-01-31,TCS,Sell,469,270.54,126883.26000000001
T453,2024-01-31,TCS,Sell,267,264.65,70661.54999999999
T454,2024-01-31,INFY,Sell,390,493.92,192628.80000000002
T455,2024-01-31,INFY,Buy,356,490.94,174774.63999999998
T456,2024-01-31,INFY,Buy,273,497.73,135880.29
T457,2024-01-31,RELIANCE,Buy,224,404.63,90637.12
T458,2024-01-31,RELIANCE,Sell,248,390.93,96950.64
T459,2024-01-31,RELIANCE,Buy,75,397.8,29835.0
T460,2024-01-31,HDFCBANK,Sell,54,433.83,23426.82
T461,2024-01-31,HDFCBANK,Sell,40,435.48,17419.2
T462,2024-01-31,HDFCBANK,Sell,202,440.68,89017.36
T463,2024-01-31,TATAMOTORS,Buy,72,315.96,22749.12
T464,2024-01-31,TATAMOTORS,Buy,132,315.35,41626.200000000004
T465,2024-01-31,TATAMOTORS,Buy,12,311.99,3743.88
T466,2024-02-01,TCS,Sell,382,262.2,100160.4
T467,2024-02-01,TCS,Buy,298,260.64,77670.72
T468,2024-02-01,TCS,Sell,417,253.12,105551.04000000001
T469,2024-02-01,INFY,Sell,23,477.11,10973.53
T470,2024-02-01,INFY,Buy,130,470.32,61141.6
T471,2024-02-01,INFY,Sell,65,476.85,30995.25
T472,2024-02-01,RELIANCE,Sell,331,466.15,154295.65
T473,2024-02-01,RELIANCE,Buy,255,466.55,118970.25
T474,2024-02-01,RELIANCE,Buy,242,470.55,113873.1
T475,2024-02-01,HDFCBANK,Sell,186,452.6,84183.6
T476,2024-02-01,HDFCBANK,Sell,164,456.71,74900.44
T477,2024-02-01,HDFCBANK,Sell,195,459.43,89588.85
T478,2024-02-01,TATAMOTORS,Sell,278,133.73,37176.939999999995
T479,2024-02-01,TATAMOTORS,Sell,179,136.33,24403.070000000003
T480,2024-02-01,TATAMOTORS,Buy,281,131.41,36926.21
T481,2024-02-02,TCS,Sell,363,233.89,84902.06999999999
T482,2024-02-02,TCS,Buy,127,224.57,28520.39
T483,2024-02-02,TCS,Sell,56,224.94,12596.64
T484,2024-02-02,INFY,Sell,451,230.94,104153.94
T485,2024-02-02,INFY,Buy,122,230.74,28150.280000000002
T486,2024-02-02,INFY,Buy,338,231.44,78226.72
T487,2024-02-02,RELIANCE,Sell,368,168.57,62033.759999999995
T488,2024-02-02,RELIANCE,Buy,475,166.39,79035.25
T489,2024-02-02,RELIANCE,Sell,198,163.31,32335.38
T490,2024-02-02,HDFCBANK,Buy,45,390.8,17586.0
T491,2024-02-02,HDFCBANK,Sell,360,386.42,139111.2
T492,2024-02-02,HDFCBANK,Sell,94,384.99,36189.06
T493,2024-02-02,TATAMOTORS,Buy,408,496.41,202535.28
T494,2024-02-02,TATAMOTORS,Sell,157,496.78,77994.45999999999
T495,2024-02-02,TATAMOTORS,Sell,418,492.23,205752.14
T496,2024-02-03,TCS,Buy,318,178.82,56864.759999999995
T497,2024-02-03,TCS,Sell,196,176.47,34588.12
T498,2024-02-03,TCS,Buy,145,175.54,25453.3
T499,2024-02-03,INFY,Sell,350,284.89,99711.5
T500,2024-02-03,INFY,Buy,493,277.98,137044.14
T501,2024-02-03,INFY,Buy,102,279.91,28550.820000000003
T502,2024-02-03,RELIANCE,Sell,197,445.08,87680.76
T503,2024-02-03,RELIANCE,Buy,201,446.7,89786.7
T504,2024-02-03,RELIANCE,Buy,484,445.61,215675.24000000002
T505,2024-02-03,HDFCBANK,Sell,44,391.16,17211.04
T506,2024-02-03,HDFCBANK,Sell,155,391.7,60713.5
T507,2024-02-03,HDFCBANK,Buy,161,391.1,62967.100000000006
T508,2024-02-03,TATAMOTORS,Sell,485,290.74,141008.9
T509,2024-02-03,TATAMOTORS,Buy,350,296.23,103680.5
T510,2024-02-03,TATAMOTORS,Sell,258,291.28,75150.23999999999
T511,2024-02-04,TCS,Buy,106,194.54,20621.239999999998
T512,2024-02-04,TCS,Buy,358,194.76,69724.08
T513,2024-02-04,TCS,Sell,210,187.87,39452.700000000004
T514,2024-02-04,INFY,Buy,469,413.78,194062.81999999998
T515,2024-02-04,INFY,Buy,478,417.93,199770.54
T516,2024-02-04,INFY,Sell,65,415.96,27037.399999999998
T517,2024-02-04,RELIANCE,Sell,407,367.61,149617.27000000002
T518,2024-02-04,RELIANCE,Buy,443,366.95,162558.85
T519,2024-02-04,RELIANCE,Buy,217,369.77,80240.09
T520,2024-02-04,HDFCBANK,Sell,74,157.93,11686.82
T521,2024-02-04,HDFCBANK,Sell,119,165.92,19744.48
T522,2024-02-04,HDFCBANK,Sell,267,159.79,42663.93
T523,2024-02-04,TATAMOTORS,Sell,21,468.68,9842.28
T524,2024-02-04,TATAMOTORS,Sell,166,465.66,77299.56
T525,2024-02-04,TATAMOTORS,Sell,43,466.76,20070.68
T526,2024-02-05,TCS,Buy,493,318.21,156877.53
T527,2024-02-05,TCS,Sell,462,314.18,145151.16
T528,2024-02-05,TCS,Sell,188,313.08,58859.03999999999
T529,2024-02-05,INFY,Sell,243,465.19,113041.17
T530,2024-02-05,INFY,Buy,179,465.31,83290.49
T531,2024-02-05,INFY,Sell,69,469.47,32393.43
T532,2024-02-05,RELIANCE,Buy,467,97.57,45565.189999999995
T533,2024-02-05,RELIANCE,Sell,184,93.3,17167.2
T534,2024-02-05,RELIANCE,Buy,239,100.41,23997.989999999998
T535,2024-02-05,HDFCBANK,Buy,285,111.98,31914.300000000003
T536,2024-02-05,HDFCBANK,Sell,458,112.54,51543.32
T537,2024-02-05,HDFCBANK,Sell,78,117.68,9179.04
T538,2024-02-05,TATAMOTORS,Sell,182,358.3,65210.6
T539,2024-02-05,TATAMOTORS,Buy,221,359.98,79555.58
T540,2024-02-05,TATAMOTORS,Sell,467,361.2,168680.4
T541,2024-02-06,TCS,Sell,336,279.78,94006.07999999999
T542,2024-02-06,TCS,Buy,294,281.7,82819.8
T543,2024-02-06,TCS,Buy,171,282.03,48227.13
T544,2024-02-06,INFY,Sell,148,233.11,34500.28
T545,2024-02-06,INFY,Buy,422,236.52,99811.44
T546,2024-02-06,INFY,Buy,163,236.05,38476.15
T547,2024-02-06,RELIANCE,Sell,145,110.57,16032.65
T548,2024-02-06,RELIANCE,Sell,387,113.67,43990.29
T549,2024-02-06,RELIANCE,Sell,312,111.96,34931.52
T550,2024-02-06,HDFCBANK,Sell,286,109.6,31345.6
T551,2024-02-06,HDFCBANK,Buy,498,113.32,56433.35999999999
T552,2024-02-06,HDFCBANK,Buy,114,110.58,12606.119999999999
T553,2024-02-06,TATAMOTORS,Buy,480,185.7,89136.0
T554,2024-02-06,TATAMOTORS,Buy,426,178.16,75896.16
T555,2024-02-06,TATAMOTORS,Buy,369,180.14,66471.65999999999
T556,2024-02-07,TCS,Buy,106,132.96,14093.76
T557,2024-02-07,TCS,Buy,388,137.92,53512.95999999999
T558,2024-02-07,TCS,Sell,344,134.7,46336.799999999996
T559,2024-02-07,INFY,Sell,96,173.23,16630.079999999998
T560,2024-02-07,INFY,Buy,303,173.72,52637.159999999996
T561,2024-02-07,INFY,Buy,305,178.66,54491.299999999996
T562,2024-02-07,RELIANCE,Buy,445,317.92,141474.4
T563,2024-02-07,RELIANCE,Sell,20,320.73,6414.6
T564,2024-02-07,RELIANCE,Sell,456,319.12,145518.72
T565,2024-02-07,HDFCBANK,Sell,271,301.83,81795.93
T566,2024-02-07,HDFCBANK,Sell,145,303.87,44061.15
T567,2024-02-07,HDFCBANK,Buy,406,300.83,122136.98
T568,2024-02-07,TATAMOTORS,Buy,121,343.15,41521.149999999994
T569,2024-02-07,TATAMOTORS,Sell,293,342.21,100267.53
T570,2024-02-07,TATAMOTORS,Sell,93,348.96,32453.28
T571,2024-02-08,TCS,Sell,454,158.46,71940.84
T572,2024-02-08,TCS,Sell,221,149.08,32946.68
T573,2024-02-08,TCS,Buy,42,152.21,6392.820000000001
T574,2024-02-08,INFY,Sell,403,420.02,169268.06
T575,2024-02-08,INFY,Buy,16,418.54,6696.64
T576,2024-02-08,INFY,Buy,453,419.32,189951.96
T577,2024-02-08,RELIANCE,Buy,130,261.68,34018.4
T578,2024-02-08,RELIANCE,Buy,349,258.79,90317.71
T579,2024-02-08,RELIANCE,Sell,375,261.88,98205.0
T580,2024-02-08,HDFCBANK,Buy,387,330.81,128023.47
T581,2024-02-08,HDFCBANK,Sell,351,324.89,114036.39
T582,2024-02-08,HDFCBANK,Sell,173,326.78,56532.939999999995
T583,2024-02-08,TATAMOTORS,Buy,322,112.28,36154.16
T584,2024-02-08,TATAMOTORS,Buy,92,115.35,10612.199999999999
T585,2024-02-08,TATAMOTORS,Sell,72,110.39,7948.08
T586,2024-02-09,TCS,Buy,366,459.62,168220.92
T587,2024-02-09,TCS,Buy,64,454.15,29065.6
T588,2024-02-09,TCS,Sell,463,452.93,209706.59
T589,2024-02-09,INFY,Buy,383,336.44,128856.52
T590,2024-02-09,INFY,Sell,254,337.72,85780.88
T591,2024-02-09,INFY,Sell,184,343.82,63262.88
T592,2024-02-09,RELIANCE,Sell,362,258.38,93533.56
T593,2024-02-09,RELIANCE,Sell,145,259.0,37555.0
T594,2024-02-09,RELIANCE,Buy,325,259.42,84311.5
T595,2024-02-09,HDFCBANK,Buy,376,117.24,44082.24
T596,2024-02-09,HDFCBANK,Buy,455,115.75,52666.25
T597,2024-02-09,HDFCBANK,Sell,231,117.34,27105.54
T598,2024-02-09,TATAMOTORS,Sell,483,473.24,228574.92
T599,2024-02-09,TATAMOTORS,Sell,221,476.56,105319.76
T600,2024-02-09,TATAMOTORS,Buy,22,486.66,10706.52
T601,2024-02-10,TCS,Buy,123,118.96,14632.08
T602,2024-02-10,TCS,Sell,193,118.88,22943.84
T603,2024-02-10,TCS,Sell,178,118.7,21128.600000000002
T604,2024-02-10,INFY,Buy,78,471.54,36780.12
T605,2024-02-10,INFY,Buy,217,471.42,102298.14
T606,2024-02-10,INFY,Sell,121,470.87,56975.270000000004
T607,2024-02-10,RELIANCE,Buy,319,122.79,39170.01
T608,2024-02-10,RELIANCE,Buy,202,130.79,26419.579999999998
T609,2024-02-10,RELIANCE,Sell,27,132.43,3575.61
T610,2024-02-10,HDFCBANK,Sell,64,208.76,13360.64
T611,2024-02-10,HDFCBANK,Buy,306,212.18,64927.08
T612,2024-02-10,HDFCBANK,Sell,500,211.71,105855.0
T613,2024-02-10,TATAMOTORS,Buy,379,350.84,132968.36
T614,2024-02-10,TATAMOTORS,Sell,426,353.96,150786.96
T615,2024-02-10,TATAMOTORS,Buy,452,352.63,159388.76
T616,2024-02-11,TCS,Sell,215,210.06,45162.9
T617,2024-02-11,TCS,Buy,229,205.09,46965.61
T618,2024-02-11,TCS,Sell,143,209.84,30007.12
T619,2024-02-11,INFY,Buy,263,279.53,73516.39
T620,2024-02-11,INFY,Buy,404,282.0,113928.0
T621,2024-02-11,INFY,Sell,40,277.18,11087.2
T622,2024-02-11,RELIANCE,Buy,404,307.67,124298.68000000001
T623,2024-02-11,RELIANCE,Buy,207,307.68,63689.76
T624,2024-02-11,RELIANCE,Buy,193,301.66,58220.380000000005
T625,2024-02-11,HDFCBANK,Buy,476,446.97,212757.72
T626,2024-02-11,HDFCBANK,Sell,31,453.63,14062.53
T627,2024-02-11,HDFCBANK,Sell,263,453.47,119262.61
T628,2024-02-11,TATAMOTORS,Sell,208,281.24,58497.92
T629,2024-02-11,TATAMOTORS,Buy,231,279.4,64541.399999999994
T630,2024-02-11,TATAMOTORS,Buy,16,275.26,4404.16
T631,2024-02-12,TCS,Sell,102,347.39,35433.78
T632,2024-02-12,TCS,Sell,464,348.92,161898.88
T633,2024-02-12,TCS,Sell,58,351.46,20384.68
T634,2024-02-12,INFY,Sell,176,440.46,77520.95999999999
T635,2024-02-12,INFY,Buy,100,441.36,44136.0
T636,2024-02-12,INFY,Buy,10,445.55,4455.5
T637,2024-02-12,RELIANCE,Buy,191,194.9,37225.9
T638,2024-02-12,RELIANCE,Buy,420,187.44,78724.8
T639,2024-02-12,RELIANCE,Sell,439,187.57,82343.23
T640,2024-02-12,HDFCBANK,Sell,451,481.8,217291.80000000002
T641,2024-02-12,HDFCBANK,Buy,366,482.85,176723.1
T642,2024-02-12,HDFCBANK,Sell,392,485.75,190414.0
T643,2024-02-12,TATAMOTORS,Sell,128,239.26,30625.28
T644,2024-02-12,TATAMOTORS,Sell,346,235.37,81438.02
T645,2024-02-12,TATAMOTORS,Buy,258,237.01,61148.579999999994
T646,2024-02-13,TCS,Sell,173,293.99,50860.270000000004
T647,2024-02-13,TCS,Sell,431,294.93,127114.83
T648,2024-02-13,TCS,Sell,182,296.88,54032.159999999996
T649,2024-02-13,INFY,Sell,263,299.53,78776.39
T650,2024-02-13,INFY,Sell,166,308.42,51197.72
T651,2024-02-13,INFY,Buy,109,300.68,32774.12
T652,2024-02-13,RELIANCE,Buy,214,371.98,79603.72
T653,2024-02-13,RELIANCE,Buy,260,372.35,96811.0
T654,2024-02-13,RELIANCE,Buy,298,369.43,110090.14
T655,2024-02-13,HDFCBANK,Buy,226,352.21,79599.45999999999
T656,2024-02-13,HDFCBANK,Sell,391,362.0,141542.0
T657,2024-02-13,HDFCBANK,Sell,272,354.65,96464.79999999999
T658,2024-02-13,TATAMOTORS,Buy,291,315.24,91734.84
T659,2024-02-13,TATAMOTORS,Sell,453,318.44,144253.32
T660,2024-02-13,TATAMOTORS,Buy,36,318.43,11463.48
T661,2024-02-14,TCS,Buy,271,328.78,89099.37999999999
T662,2024-02-14,TCS,Sell,274,332.28,91044.71999999999
T663,2024-02-14,TCS,Buy,499,329.42,164380.58000000002
T664,2024-02-14,INFY,Sell,415,380.98,158106.7
T665,2024-02-14,INFY,Buy,206,376.03,77462.18
T666,2024-02-14,INFY,Buy,393,375.19,147449.67
T667,2024-02-14,RELIANCE,Sell,363,479.61,174098.43
T668,2024-02-14,RELIANCE,Sell,466,483.1,225124.6
T669,2024-02-14,RELIANCE,Sell,15,480.99,7214.85
T670,2024-02-14,HDFCBANK,Sell,420,414.7,174174.0
T671,2024-02-14,HDFCBANK,Sell,164,409.98,67236.72
T672,2024-02-14,HDFCBANK,Buy,229,411.25,94176.25
T673,2024-02-14,TATAMOTORS,Buy,106,147.85,15672.099999999999
T674,2024-02-14,TATAMOTORS,Sell,346,142.74,49388.04
T675,2024-02-14,TATAMOTORS,Sell,12,140.93,1691.16
T676,2024-02-15,TCS,Buy,49,383.54,18793.460000000003
T677,2024-02-15,TCS,Sell,205,387.97,79533.85
T678,2024-02-15,TCS,Sell,461,386.27,178070.47
T679,2024-02-15,INFY,Sell,212,104.0,22048.0
T680,2024-02-15,INFY,Buy,447,108.47,48486.09
T681,2024-02-15,INFY,Sell,444,107.55,47752.2
T682,2024-02-15,RELIANCE,Buy,356,262.83,93567.48
T683,2024-02-15,RELIANCE,Sell,57,261.09,14882.13
T684,2024-02-15,RELIANCE,Sell,354,268.47,95038.38
T685,2024-02-15,HDFCBANK,Buy,223,168.56,37588.88
T686,2024-02-15,HDFCBANK,Sell,165,168.13,27741.45
T687,2024-02-15,HDFCBANK,Sell,326,164.34,53574.840000000004
T688,2024-02-15,TATAMOTORS,Sell,267,160.01,42722.67
T689,2024-02-15,TATAMOTORS,Buy,26,154.8,4024.8
T690,2024-02-15,TATAMOTORS,Buy,178,158.27,28172.06
T691,2024-02-16,TCS,Buy,121,461.03,55784.63
T692,2024-02-16,TCS,Sell,484,455.01,220224.84
T693,2024-02-16,TCS,Buy,373,457.9,170796.69999999998
T694,2024-02-16,INFY,Buy,496,134.34,66632.64
T695,2024-02-16,INFY,Sell,485,125.23,60736.55
T696,2024-02-16,INFY,Buy,305,124.23,37890.15
T697,2024-02-16,RELIANCE,Sell,323,307.68,99380.64
T698,2024-02-16,RELIANCE,Buy,451,317.68,143273.68
T699,2024-02-16,RELIANCE,Sell,25,315.5,7887.5
T700,2024-02-16,HDFCBANK,Sell,321,495.52,159061.91999999998
T701,2024-02-16,HDFCBANK,Sell,255,498.22,127046.1
T702,2024-02-16,HDFCBANK,Sell,304,494.43,150306.72
T703,2024-02-16,TATAMOTORS,Buy,216,339.51,73334.16
T704,2024-02-16,TATAMOTORS,Buy,401,338.79,135854.79
T705,2024-02-16,TATAMOTORS,Sell,342,335.6,114775.20000000001
T706,2024-02-17,TCS,Sell,191,253.67,48450.97
T707,2024-02-17,TCS,Buy,273,251.23,68585.79
T708,2024-02-17,TCS,Sell,98,250.29,24528.42
T709,2024-02-17,INFY,Sell,352,110.22,38797.44
T710,2024-02-17,INFY,Buy,105,118.44,12436.199999999999
T711,2024-02-17,INFY,Sell,290,110.59,32071.100000000002
T712,2024-02-17,RELIANCE,Sell,29,425.95,12352.55
T713,2024-02-17,RELIANCE,Sell,388,423.29,164236.52000000002
T714,2024-02-17,RELIANCE,Sell,441,422.17,186176.97
T715,2024-02-17,HDFCBANK,Sell,453,191.31,86663.43000000001
T716,2024-02-17,HDFCBANK,Sell,357,190.14,67879.98
T717,2024-02-17,HDFCBANK,Buy,186,194.06,36095.16
T718,2024-02-17,TATAMOTORS,Sell,21,248.5,5218.5
T719,2024-02-17,TATAMOTORS,Buy,308,250.52,77160.16
T720,2024-02-17,TATAMOTORS,Sell,431,249.99,107745.69
T721,2024-02-18,TCS,Sell,387,255.71,98959.77
T722,2024-02-18,TCS,Buy,222,252.08,55961.76
T723,2024-02-18,TCS,Sell,42,252.13,10589.46
T724,2024-02-18,INFY,Buy,58,388.49,22532.420000000002
T725,2024-02-18,INFY,Sell,462,389.7,180041.4
T726,2024-02-18,INFY,Sell,40,391.46,15658.4
T727,2024-02-18,RELIANCE,Buy,307,151.71,46574.97
T728,2024-02-18,RELIANCE,Buy,268,152.69,40920.92
T729,2024-02-18,RELIANCE,Sell,57,154.65,8815.050000000001
T730,2024-02-18,HDFCBANK,Buy,280,490.32,137289.6
T731,2024-02-18,HDFCBANK,Buy,409,494.22,202135.98
T732,2024-02-18,HDFCBANK,Buy,410,495.98,203351.80000000002
T733,2024-02-18,TATAMOTORS,Buy,378,290.66,109869.48000000001
T734,2024-02-18,TATAMOTORS,Buy,23,290.5,6681.5
T735,2024-02-18,TATAMOTORS,Buy,106,291.67,30917.02
T736,2024-02-19,TCS,Sell,291,347.63,101160.33
T737,2024-02-19,TCS,Sell,346,348.36,120532.56
T738,2024-02-19,TCS,Buy,294,352.52,103640.87999999999
T739,2024-02-19,INFY,Buy,41,169.71,6958.110000000001
T740,2024-02-19,INFY,Sell,371,170.76,63351.96
T741,2024-02-19,INFY,Sell,125,174.31,21788.75
T742,2024-02-19,RELIANCE,Buy,184,466.27,85793.68
T743,2024-02-19,RELIANCE,Buy,183,463.87,84888.21
T744,2024-02-19,RELIANCE,Buy,428,470.14,201219.91999999998
T745,2024-02-19,HDFCBANK,Sell,137,277.63,38035.31
T746,2024-02-19,HDFCBANK,Sell,500,280.59,140295.0
T747,2024-02-19,HDFCBANK,Sell,48,277.51,13320.48
T748,2024-02-19,TATAMOTORS,Sell,23,465.53,10707.189999999999
T749,2024-02-19,TATAMOTORS,Sell,367,465.45,170820.15
T750,2024-02-19,TATAMOTORS,Sell,426,465.46,198285.96
T751,2024-02-20,TCS,Sell,241,357.43,86140.63
T752,2024-02-20,TCS,Buy,119,357.55,42548.450000000004
T753,2024-02-20,TCS,Sell,123,356.17,43808.91
T754,2024-02-20,INFY,Buy,299,292.34,87409.65999999999
T755,2024-02-20,INFY,Buy,275,294.03,80858.24999999999
T756,2024-02-20,INFY,Buy,291,294.65,85743.15
T757,2024-02-20,RELIANCE,Buy,152,299.49,45522.48
T758,2024-02-20,RELIANCE,Sell,230,296.74,68250.2
T759,2024-02-20,RELIANCE,Sell,487,298.22,145233.14
T760,2024-02-20,HDFCBANK,Buy,341,477.78,162922.97999999998
T761,2024-02-20,HDFCBANK,Sell,362,478.07,173061.34
T762,2024-02-20,HDFCBANK,Sell,97,475.71,46143.869999999995
T763,2024-02-20,TATAMOTORS,Sell,148,193.28,28605.44
T764,2024-02-20,TATAMOTORS,Sell,71,197.09,13993.39
T765,2024-02-20,TATAMOTORS,Sell,92,195.87,18020.04
T766,2024-02-21,TCS,Buy,12,151.03,1812.3600000000001
T767,2024-02-21,TCS,Buy,409,145.54,59525.85999999999
T768,2024-02-21,TCS,Buy,399,144.98,57847.02
T769,2024-02-21,INFY,Buy,255,487.15,124223.25
T770,2024-02-21,INFY,Buy,384,486.58,186846.72
T771,2024-02-21,INFY,Sell,90,489.79,44081.1
T772,2024-02-21,RELIANCE,Buy,55,108.29,5955.950000000001
T773,2024-02-21,RELIANCE,Sell,200,107.59,21518.0
T774,2024-02-21,RELIANCE,Buy,442,107.3,47426.6
T775,2024-02-21,HDFCBANK,Sell,370,382.53,141536.09999999998
T776,2024-02-21,HDFCBANK,Buy,155,377.53,58517.149999999994
T777,2024-02-21,HDFCBANK,Sell,269,378.19,101733.11
T778,2024-02-21,TATAMOTORS,Buy,112,414.38,46410.56
T779,2024-02-21,TATAMOTORS,Buy,21,414.21,8698.41
T780,2024-02-21,TATAMOTORS,Buy,493,410.32,202287.76
T781,2024-02-22,TCS,Buy,28,144.83,4055.2400000000002
T782,2024-02-22,TCS,Sell,290,149.24,43279.600000000006
T783,2024-02-22,TCS,Buy,498,150.98,75188.04
T784,2024-02-22,INFY,Buy,221,406.25,89781.25
T785,2024-02-22,INFY,Buy,424,407.13,172623.12
T786,2024-02-22,INFY,Sell,457,408.01,186460.57
T787,2024-02-22,RELIANCE,Sell,359,184.42,66206.78
T788,2024-02-22,RELIANCE,Buy,366,188.77,69089.82
T789,2024-02-22,RELIANCE,Sell,334,184.27,61546.18
T790,2024-02-22,HDFCBANK,Buy,351,369.83,129810.32999999999
T791,2024-02-22,HDFCBANK,Buy,25,364.17,9104.25
T792,2024-02-22,HDFCBANK,Buy,23,364.36,8380.28
T793,2024-02-22,TATAMOTORS,Sell,365,147.41,53804.65
T794,2024-02-22,TATAMOTORS,Buy,427,145.62,62179.740000000005
T795,2024-02-22,TATAMOTORS,Sell,214,149.1,31907.399999999998
T796,2024-02-23,TCS,Sell,455,169.08,76931.40000000001
T797,2024-02-23,TCS,Sell,120,168.53,20223.6
T798,2024-02-23,TCS,Buy,401,167.2,67047.2
T799,2024-02-23,INFY,Buy,289,487.5,140887.5
T800,2024-02-23,INFY,Sell,225,496.01,111602.25
T801,2024-02-23,INFY,Buy,22,490.78,10797.16
T802,2024-02-23,RELIANCE,Sell,185,458.47,84816.95000000001
T803,2024-02-23,RELIANCE,Sell,217,466.67,101267.39
T804,2024-02-23,RELIANCE,Buy,301,464.43,139793.43
T805,2024-02-23,HDFCBANK,Sell,72,175.38,12627.36
T806,2024-02-23,HDFCBANK,Buy,435,177.36,77151.6
T807,2024-02-23,HDFCBANK,Buy,159,168.96,26864.640000000003
T808,2024-02-23,TATAMOTORS,Buy,226,319.24,72148.24
T809,2024-02-23,TATAMOTORS,Sell,310,317.65,98471.5
T810,2024-02-23,TATAMOTORS,Sell,26,319.19,8298.94
T811,2024-02-24,TCS,Sell,20,318.3,6366.0
T812,2024-02-24,TCS,Sell,358,317.67,113725.86
T813,2024-02-24,TCS,Sell,154,313.0,48202.0
T814,2024-02-24,INFY,Buy,479,465.47,222960.13
T815,2024-02-24,INFY,Buy,269,461.44,124127.36
T816,2024-02-24,INFY,Buy,56,467.58,26184.48
T817,2024-02-24,RELIANCE,Sell,389,228.61,88929.29000000001
T818,2024-02-24,RELIANCE,Buy,258,228.22,58880.76
T819,2024-02-24,RELIANCE,Sell,230,227.09,52230.700000000004
T820,2024-02-24,HDFCBANK,Sell,110,324.54,35699.4
T821,2024-02-24,HDFCBANK,Sell,225,324.3,72967.5
T822,2024-02-24,HDFCBANK,Sell,293,322.58,94515.94
T823,2024-02-24,TATAMOTORS,Buy,383,373.56,143073.48
T824,2024-02-24,TATAMOTORS,Sell,370,384.3,142191.0
T825,2024-02-24,TATAMOTORS,Buy,99,379.04,37524.96
T826,2024-02-25,TCS,Sell,20,274.48,5489.6
T827,2024-02-25,TCS,Buy,58,272.9,15828.199999999999
T828,2024-02-25,TCS,Buy,423,269.75,114104.25
T829,2024-02-25,INFY,Sell,22,495.54,10901.880000000001
T830,2024-02-25,INFY,Sell,124,495.94,61496.56
T831,2024-02-25,INFY,Buy,258,494.6,127606.8
T832,2024-02-25,RELIANCE,Sell,284,268.55,76268.2
T833,2024-02-25,RELIANCE,Buy,329,268.38,88297.02
T834,2024-02-25,RELIANCE,Sell,377,273.02,102928.54
T835,2024-02-25,HDFCBANK,Buy,152,142.34,21635.68
T836,2024-02-25,HDFCBANK,Buy,87,145.83,12687.210000000001
T837,2024-02-25,HDFCBANK,Sell,198,141.6,28036.8
T838,2024-02-25,TATAMOTORS,Sell,383,193.16,73980.28
T839,2024-02-25,TATAMOTORS,Sell,189,193.06,36488.340000000004
T840,2024-02-25,TATAMOTORS,Buy,99,193.89,19195.109999999997
T841,2024-02-26,TCS,Sell,278,115.81,32195.18
T842,2024-02-26,TCS,Buy,255,113.78,29013.9
T843,2024-02-26,TCS,Sell,97,111.71,10835.869999999999
T844,2024-02-26,INFY,Buy,352,411.05,144689.6
T845,2024-02-26,INFY,Buy,71,416.09,29542.39
T846,2024-02-26,INFY,Buy,14,409.74,5736.360000000001
T847,2024-02-26,RELIANCE,Buy,333,440.65,146736.44999999998
T848,2024-02-26,RELIANCE,Sell,298,440.9,131388.19999999998
T849,2024-02-26,RELIANCE,Sell,458,441.47,202193.26
T850,2024-02-26,HDFCBANK,Buy,182,226.26,41179.32
T851,2024-02-26,HDFCBANK,Buy,289,225.88,65279.32
T852,2024-02-26,HDFCBANK,Sell,124,224.88,27885.12
T853,2024-02-26,TATAMOTORS,Sell,309,445.04,137517.36000000002
T854,2024-02-26,TATAMOTORS,Sell,376,443.3,166680.80000000002
T855,2024-02-26,TATAMOTORS,Sell,178,446.61,79496.58
T856,2024-02-27,TCS,Buy,455,291.21,132500.55
T857,2024-02-27,TCS,Buy,406,292.24,118649.44
T858,2024-02-27,TCS,Sell,248,293.41,72765.68000000001
T859,2024-02-27,INFY,Sell,348,163.96,57058.08
T860,2024-02-27,INFY,Sell,463,161.75,74890.25
T861,2024-02-27,INFY,Sell,41,162.7,6670.7
T862,2024-02-27,RELIANCE,Sell,309,401.9,124187.09999999999
T863,2024-02-27,RELIANCE,Buy,480,400.04,192019.2
T864,2024-02-27,RELIANCE,Sell,244,401.25,97905.0
T865,2024-02-27,HDFCBANK,Buy,207,347.41,71913.87000000001
T866,2024-02-27,HDFCBANK,Buy,300,351.92,105576.0
T867,2024-02-27,HDFCBANK,Sell,373,351.69,131180.37
T868,2024-02-27,TATAMOTORS,Buy,320,313.26,100243.2
T869,2024-02-27,TATAMOTORS,Sell,382,310.13,118469.66
T870,2024-02-27,TATAMOTORS,Sell,410,311.2,127592.0
T871,2024-02-28,TCS,Sell,161,132.8,21380.800000000003
T872,2024-02-28,TCS,Buy,429,132.38,56791.02
T873,2024-02-28,TCS,Buy,386,131.44,50735.84
T874,2024-02-28,INFY,Buy,39,246.01,9594.39
T875,2024-02-28,INFY,Sell,478,248.77,118912.06
T876,2024-02-28,INFY,Buy,31,250.4,7762.400000000001
T877,2024-02-28,RELIANCE,Buy,91,208.2,18946.2
T878,2024-02-28,RELIANCE,Sell,207,205.78,42596.46
T879,2024-02-28,RELIANCE,Buy,70,213.19,14923.3
T880,2024-02-28,HDFCBANK,Buy,259,252.17,65312.03
T881,2024-02-28,HDFCBANK,Buy,339,252.78,85692.42
T882,2024-02-28,HDFCBANK,Sell,459,259.36,119046.24
T883,2024-02-28,TATAMOTORS,Sell,361,300.13,108346.93
T884,2024-02-28,TATAMOTORS,Sell,337,307.64,103674.68
T885,2024-02-28,TATAMOTORS,Sell,418,307.29,128447.22000000002
T886,2024-02-29,TCS,Sell,420,238.06,99985.2
T887,2024-02-29,TCS,Buy,486,235.91,114652.26
T888,2024-02-29,TCS,Buy,14,236.06,3304.84
T889,2024-02-29,INFY,Sell,317,173.77,55085.090000000004
T890,2024-02-29,INFY,Sell,15,170.05,2550.75
T891,2024-02-29,INFY,Sell,466,174.38,81261.08
T892,2024-02-29,RELIANCE,Sell,228,331.92,75677.76000000001
T893,2024-02-29,RELIANCE,Sell,337,331.64,111762.68
T894,2024-02-29,RELIANCE,Buy,356,331.04,117850.24
T895,2024-02-29,HDFCBANK,Sell,296,121.24,35887.04
T896,2024-02-29,HDFCBANK,Buy,230,120.61,27740.3
T897,2024-02-29,HDFCBANK,Buy,157,119.44,18752.079999999998
T898,2024-02-29,TATAMOTORS,Sell,407,226.55,92205.85
T899,2024-02-29,TATAMOTORS,Sell,356,221.78,78953.68000000001
T900,2024-02-29,TATAMOTORS,Buy,205,229.12,46969.6
T901,2024-03-01,TCS,Buy,128,381.05,48774.4
T902,2024-03-01,TCS,Buy,274,384.56,105369.44
T903,2024-03-01,TCS,Sell,436,389.2,169691.19999999998
T904,2024-03-01,INFY,Buy,76,445.0,33820.0
T905,2024-03-01,INFY,Sell,197,446.73,88005.81
T906,2024-03-01,INFY,Buy,454,442.75,201008.5
T907,2024-03-01,RELIANCE,Sell,282,205.61,57982.020000000004
T908,2024-03-01,RELIANCE,Sell,123,201.39,24770.969999999998
T909,2024-03-01,RELIANCE,Sell,229,206.18,47215.22
T910,2024-03-01,HDFCBANK,Sell,441,432.08,190547.28
T911,2024-03-01,HDFCBANK,Sell,258,433.8,111920.40000000001
T912,2024-03-01,HDFCBANK,Buy,114,428.65,48866.1
T913,2024-03-01,TATAMOTORS,Buy,404,403.74,163110.96
T914,2024-03-01,TATAMOTORS,Buy,20,394.95,7899.0
T915,2024-03-01,TATAMOTORS,Buy,369,400.75,147876.75
T916,2024-03-02,TCS,Buy,197,298.13,58731.61
T917,2024-03-02,TCS,Sell,195,304.06,59291.7
T918,2024-03-02,TCS,Buy,30,302.27,9068.099999999999
T919,2024-03-02,INFY,Buy,411,126.1,51827.1
T920,2024-03-02,INFY,Buy,218,121.59,26506.62
T921,2024-03-02,INFY,Sell,383,117.85,45136.549999999996
T922,2024-03-02,RELIANCE,Buy,52,178.08,9260.16
T923,2024-03-02,RELIANCE,Buy,55,177.56,9765.8
T924,2024-03-02,RELIANCE,Buy,218,177.7,38738.6
T925,2024-03-02,HDFCBANK,Sell,498,403.72,201052.56000000003
T926,2024-03-02,HDFCBANK,Buy,195,406.98,79361.1
T927,2024-03-02,HDFCBANK,Buy,452,409.57,185125.63999999998
T928,2024-03-02,TATAMOTORS,Sell,385,337.9,130091.49999999999
T929,2024-03-02,TATAMOTORS,Sell,262,336.23,88092.26000000001
T930,2024-03-02,TATAMOTORS,Sell,435,339.4,147639.0
T931,2024-03-03,TCS,Buy,160,492.96,78873.59999999999
T932,2024-03-03,TCS,Sell,63,493.74,31105.62
T933,2024-03-03,TCS,Buy,240,497.26,119342.4
T934,2024-03-03,INFY,Sell,189,500.86,94662.54000000001
T935,2024-03-03,INFY,Buy,259,495.6,128360.40000000001
T936,2024-03-03,INFY,Buy,10,493.94,4939.4
T937,2024-03-03,RELIANCE,Sell,80,318.89,25511.199999999997
T938,2024-03-03,RELIANCE,Buy,44,327.43,14406.92
T939,2024-03-03,RELIANCE,Sell,303,324.63,98362.89
T940,2024-03-03,HDFCBANK,Buy,289,309.22,89364.58
T941,2024-03-03,HDFCBANK,Sell,294,308.91,90819.54000000001
T942,2024-03-03,HDFCBANK,Sell,321,316.66,101647.86000000002
T943,2024-03-03,TATAMOTORS,Buy,309,224.7,69432.3
T944,2024-03-03,TATAMOTORS,Sell,384,218.98,84088.31999999999
T945,2024-03-03,TATAMOTORS,Sell,90,217.45,19570.5
T946,2024-03-04,TCS,Sell,456,435.53,198601.68
T947,2024-03-04,TCS,Buy,68,438.73,29833.64
T948,2024-03-04,TCS,Buy,317,438.88,139124.96
T949,2024-03-04,INFY,Buy,194,111.41,21613.54
T950,2024-03-04,INFY,Sell,90,109.72,9874.8
T951,2024-03-04,INFY,Buy,424,110.63,46907.119999999995
T952,2024-03-04,RELIANCE,Sell,255,331.95,84647.25
T953,2024-03-04,RELIANCE,Buy,356,332.88,118505.28
T954,2024-03-04,RELIANCE,Buy,23,330.0,7590.0
T955,2024-03-04,HDFCBANK,Buy,226,225.55,50974.3
T956,2024-03-04,HDFCBANK,Buy,430,228.47,98242.1
T957,2024-03-04,HDFCBANK,Sell,389,221.99,86354.11
T958,2024-03-04,TATAMOTORS,Buy,97,233.96,22694.12
T959,2024-03-04,TATAMOTORS,Buy,311,228.11,70942.21
T960,2024-03-04,TATAMOTORS,Sell,414,227.9,94350.6
T961,2024-03-05,TCS,Buy,349,182.77,63786.73
T962,2024-03-05,TCS,Buy,56,180.79,10124.24
T963,2024-03-05,TCS,Buy,476,172.09,81914.84
T964,2024-03-05,INFY,Buy,151,127.03,19181.53
T965,2024-03-05,INFY,Sell,34,135.7,4613.799999999999
T966,2024-03-05,INFY,Buy,320,128.99,41276.8
T967,2024-03-05,RELIANCE,Sell,290,129.07,37430.299999999996
T968,2024-03-05,RELIANCE,Sell,228,122.43,27914.04
T969,2024-03-05,RELIANCE,Buy,489,119.01,58195.89
T970,2024-03-05,HDFCBANK,Sell,93,205.91,19149.63
T971,2024-03-05,HDFCBANK,Buy,271,212.8,57668.8
T972,2024-03-05,HDFCBANK,Buy,265,205.24,54388.600000000006
T973,2024-03-05,TATAMOTORS,Sell,375,370.99,139121.25
T974,2024-03-05,TATAMOTORS,Buy,57,372.89,21254.73
T975,2024-03-05,TATAMOTORS,Buy,477,374.17,178479.09
T976,2024-03-06,TCS,Buy,347,199.59,69257.73
T977,2024-03-06,TCS,Buy,125,198.63,24828.75
T978,2024-03-06,TCS,Sell,172,199.88,34379.36
T979,2024-03-06,INFY,Sell,382,121.17,46286.94
T980,2024-03-06,INFY,Buy,88,120.71,10622.48
T981,2024-03-06,INFY,Sell,312,113.72,35480.64
T982,2024-03-06,RELIANCE,Buy,367,168.31,61769.770000000004
T983,2024-03-06,RELIANCE,Buy,475,173.43,82379.25
T984,2024-03-06,RELIANCE,Buy,33,167.82,5538.0599999999995
T985,2024-03-06,HDFCBANK,Sell,23,126.95,2919.85
T986,2024-03-06,HDFCBANK,Buy,468,126.53,59216.04
T987,2024-03-06,HDFCBANK,Buy,22,130.39,2868.58
T988,2024-03-06,TATAMOTORS,Buy,420,211.81,88960.2
T989,2024-03-06,TATAMOTORS,Buy,168,209.19,35143.92
T990,2024-03-06,TATAMOTORS,Buy,217,208.6,45266.2
T991,2024-03-07,TCS,Sell,470,497.43,233792.1
T992,2024-03-07,TCS,Sell,87,494.5,43021.5
T993,2024-03-07,TCS,Sell,86,494.97,42567.420000000006
T994,2024-03-07,INFY,Buy,409,170.34,69669.06
T995,2024-03-07,INFY,Buy,89,176.54,15712.06
T996,2024-03-07,INFY,Sell,305,184.26,56199.299999999996
T997,2024-03-07,RELIANCE,Sell,306,101.64,31101.84
T998,2024-03-07,RELIANCE,Buy,364,101.22,36844.08
T999,2024-03-07,RELIANCE,Sell,306,99.37,30407.22
T1000,2024-03-07,HDFCBANK,Sell,219,108.32,23722.079999999998
T1001,2024-03-07,HDFCBANK,Buy,331,112.8,37336.799999999996
T1002,2024-03-07,HDFCBANK,Sell,25,108.89,2722.25
T1003,2024-03-07,TATAMOTORS,Sell,189,289.81,54774.090000000004
T1004,2024-03-07,TATAMOTORS,Buy,305,301.31,91899.55
T1005,2024-03-07,TATAMOTORS,Sell,343,296.82,101809.26
T1006,2024-03-08,TCS,Buy,494,491.19,242647.86
T1007,2024-03-08,TCS,Sell,146,491.36,71738.56
T1008,2024-03-08,TCS,Sell,458,494.61,226531.38
T1009,2024-03-08,INFY,Sell,400,346.48,138592.0
T1010,2024-03-08,INFY,Buy,492,353.18,173764.56
T1011,2024-03-08,INFY,Buy,65,354.02,23011.3
T1012,2024-03-08,RELIANCE,Buy,153,329.05,50344.65
T1013,2024-03-08,RELIANCE,Sell,256,327.41,83816.96
T1014,2024-03-08,RELIANCE,Sell,32,330.01,10560.32
T1015,2024-03-08,HDFCBANK,Buy,445,338.78,150757.09999999998
T1016,2024-03-08,HDFCBANK,Buy,152,328.99,50006.48
T1017,2024-03-08,HDFCBANK,Buy,490,331.27,162322.3
T1018,2024-03-08,TATAMOTORS,Sell,106,435.05,46115.3
T1019,2024-03-08,TATAMOTORS,Sell,365,436.9,159468.5
T1020,2024-03-08,TATAMOTORS,Buy,356,434.34,154625.03999999998
T1021,2024-03-09,TCS,Sell,40,408.19,16327.6
T1022,2024-03-09,TCS,Buy,415,408.82,169660.3
T1023,2024-03-09,TCS,Sell,459,408.61,187551.99000000002
T1024,2024-03-09,INFY,Sell,152,420.55,63923.6
T1025,2024-03-09,INFY,Sell,130,421.14,54748.2
T1026,2024-03-09,INFY,Sell,246,422.77,104001.42
T1027,2024-03-09,RELIANCE,Buy,52,190.35,9898.199999999999
T1028,2024-03-09,RELIANCE,Buy,185,184.89,34204.649999999994
T1029,2024-03-09,RELIANCE,Sell,12,189.34,2272.08
T1030,2024-03-09,HDFCBANK,Buy,191,111.1,21220.1
T1031,2024-03-09,HDFCBANK,Sell,120,109.52,13142.4
T1032,2024-03-09,HDFCBANK,Buy,402,111.58,44855.159999999996
T1033,2024-03-09,TATAMOTORS,Buy,296,216.3,64024.8
T1034,2024-03-09,TATAMOTORS,Buy,109,219.34,23908.06
T1035,2024-03-09,TATAMOTORS,Sell,426,217.77,92770.02
T1036,2024-03-10,TCS,Sell,468,331.44,155113.92
T1037,2024-03-10,TCS,Sell,249,338.17,84204.33
T1038,2024-03-10,TCS,Sell,271,334.92,90763.32
T1039,2024-03-10,INFY,Buy,260,382.48,99444.8
T1040,2024-03-10,INFY,Sell,346,391.09,135317.13999999998
T1041,2024-03-10,INFY,Buy,433,383.48,166046.84
T1042,2024-03-10,RELIANCE,Sell,164,306.89,50329.96
T1043,2024-03-10,RELIANCE,Buy,405,310.4,125711.99999999999
T1044,2024-03-10,RELIANCE,Buy,469,305.45,143256.05
T1045,2024-03-10,HDFCBANK,Buy,258,213.37,55049.46
T1046,2024-03-10,HDFCBANK,Buy,118,214.99,25368.82
T1047,2024-03-10,HDFCBANK,Buy,416,215.67,89718.72
T1048,2024-03-10,TATAMOTORS,Buy,122,336.22,41018.840000000004
T1049,2024-03-10,TATAMOTORS,Sell,407,343.39,139759.72999999998
T1050,2024-03-10,TATAMOTORS,Sell,397,342.5,135972.5
T1051,2024-03-11,TCS,Buy,340,282.56,96070.4
T1052,2024-03-11,TCS,Buy,135,280.26,37835.1
T1053,2024-03-11,TCS,Buy,198,279.06,55253.88
T1054,2024-03-11,INFY,Sell,97,177.98,17264.059999999998
T1055,2024-03-11,INFY,Sell,97,179.18,17380.46
T1056,2024-03-11,INFY,Sell,371,179.47,66583.37
T1057,2024-03-11,RELIANCE,Buy,12,320.02,3840.24
T1058,2024-03-11,RELIANCE,Buy,264,329.11,86885.04000000001
T1059,2024-03-11,RELIANCE,Buy,269,324.22,87215.18000000001
T1060,2024-03-11,HDFCBANK,Sell,325,436.12,141739.0
T1061,2024-03-11,HDFCBANK,Buy,94,436.93,41071.42
T1062,2024-03-11,HDFCBANK,Sell,394,433.03,170613.81999999998
T1063,2024-03-11,TATAMOTORS,Sell,330,104.19,34382.7
T1064,2024-03-11,TATAMOTORS,Sell,495,106.73,52831.35
T1065,2024-03-11,TATAMOTORS,Buy,91,109.76,9988.16
T1066,2024-03-12,TCS,Buy,313,103.55,32411.149999999998
T1067,2024-03-12,TCS,Buy,178,109.51,19492.780000000002
T1068,2024-03-12,TCS,Buy,16,113.43,1814.88
T1069,2024-03-12,INFY,Buy,145,478.28,69350.59999999999
T1070,2024-03-12,INFY,Buy,129,471.71,60850.59
T1071,2024-03-12,INFY,Sell,234,472.28,110513.51999999999
T1072,2024-03-12,RELIANCE,Buy,324,184.68,59836.32
T1073,2024-03-12,RELIANCE,Sell,402,181.31,72886.62
T1074,2024-03-12,RELIANCE,Buy,449,191.08,85794.92000000001
T1075,2024-03-12,HDFCBANK,Buy,304,313.72,95370.88
T1076,2024-03-12,HDFCBANK,Buy,199,307.12,61116.88
T1077,2024-03-12,HDFCBANK,Buy,171,301.87,51619.770000000004
T1078,2024-03-12,TATAMOTORS,Sell,133,494.44,65760.52
T1079,2024-03-12,TATAMOTORS,Sell,10,501.17,5011.7
T1080,2024-03-12,TATAMOTORS,Buy,283,500.09,141525.47
T1081,2024-03-13,TCS,Buy,145,462.22,67021.90000000001
T1082,2024-03-13,TCS,Sell,485,462.89,224501.65
T1083,2024-03-13,TCS,Sell,161,459.78,74024.58
T1084,2024-03-13,INFY,Sell,191,363.35,69399.85
T1085,2024-03-13,INFY,Buy,434,365.88,158791.91999999998
T1086,2024-03-13,INFY,Buy,484,364.39,176364.75999999998
T1087,2024-03-13,RELIANCE,Sell,397,297.76,118210.72
T1088,2024-03-13,RELIANCE,Buy,135,295.64,39911.4
T1089,2024-03-13,RELIANCE,Sell,65,292.39,19005.35
T1090,2024-03-13,HDFCBANK,Sell,441,449.4,198185.4
T1091,2024-03-13,HDFCBANK,Sell,400,455.12,182048.0
T1092,2024-03-13,HDFCBANK,Sell,26,452.9,11775.4
T1093,2024-03-13,TATAMOTORS,Sell,280,300.43,84120.40000000001
T1094,2024-03-13,TATAMOTORS,Sell,281,295.48,83029.88
T1095,2024-03-13,TATAMOTORS,Buy,466,295.87,137875.42
T1096,2024-03-14,TCS,Buy,86,125.33,10778.38
T1097,2024-03-14,TCS,Sell,39,129.65,5056.35
T1098,2024-03-14,TCS,Sell,259,127.69,33071.71
T1099,2024-03-14,INFY,Sell,479,215.14,103052.06
T1100,2024-03-14,INFY,Buy,50,217.0,10850.0
T1101,2024-03-14,INFY,Buy,81,218.07,17663.67
T1102,2024-03-14,RELIANCE,Sell,365,148.47,54191.55
T1103,2024-03-14,RELIANCE,Buy,223,151.46,33775.58
T1104,2024-03-14,RELIANCE,Buy,97,149.86,14536.420000000002
T1105,2024-03-14,HDFCBANK,Buy,120,288.02,34562.399999999994
T1106,2024-03-14,HDFCBANK,Sell,287,286.59,82251.32999999999
T1107,2024-03-14,HDFCBANK,Sell,76,288.47,21923.72
T1108,2024-03-14,TATAMOTORS,Buy,381,467.35,178060.35
T1109,2024-03-14,TATAMOTORS,Sell,44,467.41,20566.04
T1110,2024-03-14,TATAMOTORS,Sell,41,461.54,18923.14
T1111,2024-03-15,TCS,Buy,48,142.12,6821.76
T1112,2024-03-15,TCS,Buy,430,140.72,60509.6
T1113,2024-03-15,TCS,Buy,399,146.1,58293.899999999994
T1114,2024-03-15,INFY,Sell,377,421.84,159033.68
T1115,2024-03-15,INFY,Sell,495,419.68,207741.6
T1116,2024-03-15,INFY,Buy,395,415.96,164304.19999999998
T1117,2024-03-15,RELIANCE,Sell,121,124.39,15051.19
T1118,2024-03-15,RELIANCE,Buy,286,117.8,33690.799999999996
T1119,2024-03-15,RELIANCE,Sell,317,123.88,39269.96
T1120,2024-03-15,HDFCBANK,Buy,407,224.77,91481.39
T1121,2024-03-15,HDFCBANK,Buy,53,227.4,12052.2
T1122,2024-03-15,HDFCBANK,Sell,99,218.45,21626.55
T1123,2024-03-15,TATAMOTORS,Sell,79,272.42,21521.18
T1124,2024-03-15,TATAMOTORS,Sell,417,270.34,112731.77999999998
T1125,2024-03-15,TATAMOTORS,Sell,73,268.49,19599.77
T1126,2024-03-16,TCS,Buy,188,308.25,57951.0
T1127,2024-03-16,TCS,Buy,192,299.44,57492.479999999996
T1128,2024-03-16,TCS,Sell,240,306.64,73593.59999999999
T1129,2024-03-16,INFY,Sell,72,411.46,29625.12
T1130,2024-03-16,INFY,Sell,23,404.92,9313.16
T1131,2024-03-16,INFY,Buy,373,406.23,151523.79
T1132,2024-03-16,RELIANCE,Buy,390,126.03,49151.7
T1133,2024-03-16,RELIANCE,Sell,321,123.16,39534.36
T1134,2024-03-16,RELIANCE,Sell,304,121.75,37012.0
T1135,2024-03-16,HDFCBANK,Buy,137,225.7,30920.899999999998
T1136,2024-03-16,HDFCBANK,Buy,397,229.37,91059.89
T1137,2024-03-16,HDFCBANK,Buy,30,222.51,6675.299999999999
T1138,2024-03-16,TATAMOTORS,Sell,422,243.85,102904.7
T1139,2024-03-16,TATAMOTORS,Buy,72,245.37,17666.64
T1140,2024-03-16,TATAMOTORS,Buy,162,244.15,39552.3
T1141,2024-03-17,TCS,Buy,216,162.48,35095.68
T1142,2024-03-17,TCS,Buy,24,161.81,3883.44
T1143,2024-03-17,TCS,Sell,253,163.61,41393.33
T1144,2024-03-17,INFY,Buy,214,281.14,60163.96
T1145,2024-03-17,INFY,Buy,25,280.87,7021.75
T1146,2024-03-17,INFY,Sell,420,283.48,119061.6
T1147,2024-03-17,RELIANCE,Buy,291,176.81,51451.71
T1148,2024-03-17,RELIANCE,Buy,431,172.28,74252.68000000001
T1149,2024-03-17,RELIANCE,Buy,79,173.15,13678.85
T1150,2024-03-17,HDFCBANK,Buy,180,333.39,60010.2
T1151,2024-03-17,HDFCBANK,Buy,282,330.46,93189.72
T1152,2024-03-17,HDFCBANK,Sell,459,327.9,150506.09999999998
T1153,2024-03-17,TATAMOTORS,Buy,306,466.56,142767.36000000002
T1154,2024-03-17,TATAMOTORS,Sell,468,468.75,219375.0
T1155,2024-03-17,TATAMOTORS,Buy,110,471.22,51834.200000000004
T1156,2024-03-18,TCS,Buy,183,328.36,60089.880000000005
T1157,2024-03-18,TCS,Buy,455,329.22,149795.1
T1158,2024-03-18,TCS,Buy,301,329.31,99122.31
T1159,2024-03-18,INFY,Sell,140,215.47,30165.8
T1160,2024-03-18,INFY,Sell,68,218.56,14862.08
T1161,2024-03-18,INFY,Sell,462,226.8,104781.6
T1162,2024-03-18,RELIANCE,Buy,55,390.01,21450.55
T1163,2024-03-18,RELIANCE,Buy,484,391.59,189529.56
T1164,2024-03-18,RELIANCE,Sell,270,392.65,106015.5
T1165,2024-03-18,HDFCBANK,Buy,156,151.69,23663.64
T1166,2024-03-18,HDFCBANK,Buy,229,153.45,35140.049999999996
T1167,2024-03-18,HDFCBANK,Sell,308,152.29,46905.32
T1168,2024-03-18,TATAMOTORS,Sell,102,454.28,46336.56
T1169,2024-03-18,TATAMOTORS,Buy,356,456.39,162474.84
T1170,2024-03-18,TATAMOTORS,Sell,88,456.58,40179.04
T1171,2024-03-19,TCS,Buy,196,218.78,42880.88
T1172,2024-03-19,TCS,Buy,347,221.66,76916.02
T1173,2024-03-19,TCS,Sell,401,220.46,88404.46
T1174,2024-03-19,INFY,Buy,382,407.09,155508.38
T1175,2024-03-19,INFY,Sell,211,415.66,87704.26000000001
T1176,2024-03-19,INFY,Sell,331,417.41,138162.71000000002
T1177,2024-03-19,RELIANCE,Sell,161,354.36,57051.96
T1178,2024-03-19,RELIANCE,Buy,37,354.16,13103.92
T1179,2024-03-19,RELIANCE,Sell,480,355.66,170716.80000000002
T1180,2024-03-19,HDFCBANK,Buy,428,173.23,74142.44
T1181,2024-03-19,HDFCBANK,Sell,287,169.64,48686.67999999999
T1182,2024-03-19,HDFCBANK,Sell,437,172.96,75583.52
T1183,2024-03-19,TATAMOTORS,Sell,213,455.32,96983.16
T1184,2024-03-19,TATAMOTORS,Buy,127,456.39,57961.53
T1185,2024-03-19,TATAMOTORS,Buy,285,456.48,130096.8
T1186,2024-03-20,TCS,Buy,181,290.75,52625.75
T1187,2024-03-20,TCS,Buy,223,290.52,64785.96
T1188,2024-03-20,TCS,Sell,40,292.52,11700.8
T1189,2024-03-20,INFY,Sell,288,114.99,33117.119999999995
T1190,2024-03-20,INFY,Sell,355,117.24,41620.2
T1191,2024-03-20,INFY,Buy,211,111.17,23456.87
T1192,2024-03-20,RELIANCE,Sell,379,398.87,151171.73
T1193,2024-03-20,RELIANCE,Sell,443,405.59,179676.37
T1194,2024-03-20,RELIANCE,Buy,195,407.26,79415.7
T1195,2024-03-20,HDFCBANK,Sell,131,474.49,62158.19
T1196,2024-03-20,HDFCBANK,Buy,211,474.51,100121.61
T1197,2024-03-20,HDFCBANK,Sell,177,475.37,84140.49
T1198,2024-03-20,TATAMOTORS,Sell,16,226.95,3631.2
T1199,2024-03-20,TATAMOTORS,Buy,266,225.57,60001.619999999995
T1200,2024-03-20,TATAMOTORS,Sell,94,217.24,20420.56
T1201,2024-03-21,TCS,Buy,436,476.95,207950.19999999998
T1202,2024-03-21,TCS,Buy,55,485.51,26703.05
T1203,2024-03-21,TCS,Buy,90,483.82,43543.8
T1204,2024-03-21,INFY,Buy,176,443.74,78098.24
T1205,2024-03-21,INFY,Sell,478,440.14,210386.91999999998
T1206,2024-03-21,INFY,Sell,276,440.89,121685.64
T1207,2024-03-21,RELIANCE,Sell,291,158.9,46239.9
T1208,2024-03-21,RELIANCE,Buy,276,164.87,45504.12
T1209,2024-03-21,RELIANCE,Sell,311,162.52,50543.72
T1210,2024-03-21,HDFCBANK,Sell,21,171.14,3593.9399999999996
T1211,2024-03-21,HDFCBANK,Sell,278,168.38,46809.64
T1212,2024-03-21,HDFCBANK,Buy,252,173.01,43598.52
T1213,2024-03-21,TATAMOTORS,Buy,400,303.27,121308.0
T1214,2024-03-21,TATAMOTORS,Buy,376,300.27,112901.51999999999
T1215,2024-03-21,TATAMOTORS,Sell,416,308.7,128419.2
T1216,2024-03-22,TCS,Sell,241,317.53,76524.73
T1217,2024-03-22,TCS,Sell,127,313.33,39792.909999999996
T1218,2024-03-22,TCS,Buy,101,309.64,31273.64
T1219,2024-03-22,INFY,Sell,42,499.13,20963.46
T1220,2024-03-22,INFY,Buy,190,495.22,94091.8
T1221,2024-03-22,INFY,Sell,97,496.53,48163.409999999996
T1222,2024-03-22,RELIANCE,Sell,192,192.31,36923.520000000004
T1223,2024-03-22,RELIANCE,Buy,300,192.49,57747.0
T1224,2024-03-22,RELIANCE,Buy,283,193.81,54848.23
T1225,2024-03-22,HDFCBANK,Sell,289,153.76,44436.64
T1226,2024-03-22,HDFCBANK,Buy,152,155.25,23598.0
T1227,2024-03-22,HDFCBANK,Buy,389,151.64,58987.95999999999
T1228,2024-03-22,TATAMOTORS,Buy,67,115.39,7731.13
T1229,2024-03-22,TATAMOTORS,Buy,195,111.0,21645.0
T1230,2024-03-22,TATAMOTORS,Sell,136,117.53,15984.08
T1231,2024-03-23,TCS,Sell,237,262.39,62186.43
T1232,2024-03-23,TCS,Sell,20,265.27,5305.4
T1233,2024-03-23,TCS,Sell,190,263.98,50156.200000000004
T1234,2024-03-23,INFY,Sell,332,199.57,66257.23999999999
T1235,2024-03-23,INFY,Sell,395,197.0,77815.0
T1236,2024-03-23,INFY,Sell,217,200.01,43402.17
T1237,2024-03-23,RELIANCE,Buy,456,352.58,160776.47999999998
T1238,2024-03-23,RELIANCE,Sell,98,352.15,34510.7
T1239,2024-03-23,RELIANCE,Buy,436,352.11,153519.96
T1240,2024-03-23,HDFCBANK,Buy,209,415.68,86877.12
T1241,2024-03-23,HDFCBANK,Buy,399,414.78,165497.22
T1242,2024-03-23,HDFCBANK,Buy,320,414.31,132579.2
T1243,2024-03-23,TATAMOTORS,Sell,220,323.77,71229.4
T1244,2024-03-23,TATAMOTORS,Sell,28,327.32,9164.96
T1245,2024-03-23,TATAMOTORS,Buy,150,323.79,48568.5
T1246,2024-03-24,TCS,Buy,403,368.69,148582.07
T1247,2024-03-24,TCS,Buy,196,369.72,72465.12000000001
T1248,2024-03-24,TCS,Sell,168,364.29,61200.72
T1249,2024-03-24,INFY,Sell,476,178.42,84927.92
T1250,2024-03-24,INFY,Buy,368,185.46,68249.28
T1251,2024-03-24,INFY,Sell,325,183.66,59689.5
T1252,2024-03-24,RELIANCE,Buy,468,472.66,221204.88
T1253,2024-03-24,RELIANCE,Sell,290,468.66,135911.4
T1254,2024-03-24,RELIANCE,Buy,17,466.68,7933.56
T1255,2024-03-24,HDFCBANK,Buy,319,158.44,50542.36
T1256,2024-03-24,HDFCBANK,Sell,164,159.22,26112.079999999998
T1257,2024-03-24,HDFCBANK,Buy,202,156.75,31663.5
T1258,2024-03-24,TATAMOTORS,Buy,341,468.85,159877.85
T1259,2024-03-24,TATAMOTORS,Buy,73,466.76,34073.479999999996
T1260,2024-03-24,TATAMOTORS,Sell,294,460.19,135295.86
T1261,2024-03-25,TCS,Sell,16,293.03,4688.48
T1262,2024-03-25,TCS,Sell,143,292.07,41766.01
T1263,2024-03-25,TCS,Sell,260,294.9,76674.0
T1264,2024-03-25,INFY,Sell,25,140.25,3506.25
T1265,2024-03-25,INFY,Sell,442,138.18,61075.560000000005
T1266,2024-03-25,INFY,Buy,30,138.53,4155.9
T1267,2024-03-25,RELIANCE,Buy,78,428.76,33443.28
T1268,2024-03-25,RELIANCE,Buy,160,421.91,67505.6
T1269,2024-03-25,RELIANCE,Buy,200,422.66,84532.0
T1270,2024-03-25,HDFCBANK,Sell,226,324.87,73420.62
T1271,2024-03-25,HDFCBANK,Sell,331,324.62,107449.22
T1272,2024-03-25,HDFCBANK,Sell,136,326.37,44386.32
T1273,2024-03-25,TATAMOTORS,Buy,170,443.67,75423.90000000001
T1274,2024-03-25,TATAMOTORS,Sell,366,450.76,164978.16
T1275,2024-03-25,TATAMOTORS,Sell,334,449.34,150079.56
T1276,2024-03-26,TCS,Buy,418,468.86,195983.48
T1277,2024-03-26,TCS,Sell,153,465.51,71223.03
T1278,2024-03-26,TCS,Sell,275,466.31,128235.25
T1279,2024-03-26,INFY,Sell,454,297.67,135142.18
T1280,2024-03-26,INFY,Sell,82,299.05,24522.100000000002
T1281,2024-03-26,INFY,Buy,20,304.6,6092.0
T1282,2024-03-26,RELIANCE,Buy,137,203.45,27872.649999999998
T1283,2024-03-26,RELIANCE,Buy,113,199.33,22524.29
T1284,2024-03-26,RELIANCE,Buy,25,205.62,5140.5
T1285,2024-03-26,HDFCBANK,Buy,76,114.55,8705.8
T1286,2024-03-26,HDFCBANK,Buy,147,106.75,15692.25
T1287,2024-03-26,HDFCBANK,Sell,420,114.94,48274.799999999996
T1288,2024-03-26,TATAMOTORS,Sell,97,204.24,19811.280000000002
T1289,2024-03-26,TATAMOTORS,Buy,254,208.65,52997.1
T1290,2024-03-26,TATAMOTORS,Buy,159,209.74,33348.66
T1291,2024-03-27,TCS,Sell,225,135.12,30402.0
T1292,2024-03-27,TCS,Buy,72,125.58,9041.76
T1293,2024-03-27,TCS,Sell,196,135.13,26485.48
T1294,2024-03-27,INFY,Buy,198,177.22,35089.56
T1295,2024-03-27,INFY,Sell,354,174.37,61726.98
T1296,2024-03-27,INFY,Sell,73,174.14,12712.22
T1297,2024-03-27,RELIANCE,Sell,468,467.18,218640.24
T1298,2024-03-27,RELIANCE,Sell,235,467.09,109766.15
T1299,2024-03-27,RELIANCE,Sell,353,467.88,165161.63999999998
T1300,2024-03-27,HDFCBANK,Buy,211,193.31,40788.41
T1301,2024-03-27,HDFCBANK,Sell,185,199.02,36818.700000000004
T1302,2024-03-27,HDFCBANK,Sell,188,195.81,36812.28
T1303,2024-03-27,TATAMOTORS,Sell,84,177.07,14873.88
T1304,2024-03-27,TATAMOTORS,Sell,27,166.72,4501.44
T1305,2024-03-27,TATAMOTORS,Buy,212,177.26,37579.119999999995
T1306,2024-03-28,TCS,Sell,201,243.48,48939.479999999996
T1307,2024-03-28,TCS,Sell,161,251.87,40551.07
T1308,2024-03-28,TCS,Sell,292,253.05,73890.6
T1309,2024-03-28,INFY,Buy,37,245.09,9068.33
T1310,2024-03-28,INFY,Buy,278,244.23,67895.94
T1311,2024-03-28,INFY,Buy,476,246.78,117467.28
T1312,2024-03-28,RELIANCE,Sell,142,387.17,54978.14
T1313,2024-03-28,RELIANCE,Buy,120,387.64,46516.799999999996
T1314,2024-03-28,RELIANCE,Buy,222,387.28,85976.15999999999
T1315,2024-03-28,HDFCBANK,Buy,364,182.36,66379.04000000001
T1316,2024-03-28,HDFCBANK,Sell,121,182.25,22052.25
T1317,2024-03-28,HDFCBANK,Sell,105,182.99,19213.95
T1318,2024-03-28,TATAMOTORS,Buy,394,325.41,128211.54000000001
T1319,2024-03-28,TATAMOTORS,Buy,419,330.1,138311.90000000002
T1320,2024-03-28,TATAMOTORS,Sell,156,318.98,49760.880000000005
T1321,2024-03-29,TCS,Buy,162,139.55,22607.100000000002
T1322,2024-03-29,TCS,Buy,388,133.21,51685.48
T1323,2024-03-29,TCS,Sell,337,132.63,44696.31
T1324,2024-03-29,INFY,Buy,156,181.46,28307.760000000002
T1325,2024-03-29,INFY,Sell,327,183.51,60007.77
T1326,2024-03-29,INFY,Sell,181,179.47,32484.07
T1327,2024-03-29,RELIANCE,Buy,248,500.81,124200.88
T1328,2024-03-29,RELIANCE,Sell,442,495.56,219037.52
T1329,2024-03-29,RELIANCE,Buy,369,495.74,182928.06
T1330,2024-03-29,HDFCBANK,Sell,493,185.2,91303.59999999999
T1331,2024-03-29,HDFCBANK,Sell,276,181.61,50124.36
T1332,2024-03-29,HDFCBANK,Sell,126,180.68,22765.68
T1333,2024-03-29,TATAMOTORS,Buy,108,158.83,17153.640000000003
T1334,2024-03-29,TATAMOTORS,Buy,245,148.9,36480.5
T1335,2024-03-29,TATAMOTORS,Buy,157,149.01,23394.57
T1336,2024-03-30,TCS,Buy,307,289.11,88756.77
T1337,2024-03-30,TCS,Sell,485,292.49,141857.65
T1338,2024-03-30,TCS,Buy,13,295.63,3843.19
T1339,2024-03-30,INFY,Buy,441,450.83,198816.03
T1340,2024-03-30,INFY,Sell,92,453.78,41747.759999999995
T1341,2024-03-30,INFY,Buy,479,456.98,218893.42
T1342,2024-03-30,RELIANCE,Buy,18,426.34,7674.12
T1343,2024-03-30,RELIANCE,Buy,49,421.29,20643.210000000003
T1344,2024-03-30,RELIANCE,Sell,226,420.41,95012.66
T1345,2024-03-30,HDFCBANK,Buy,326,297.97,97138.22000000002
T1346,2024-03-30,HDFCBANK,Buy,454,296.83,134760.82
T1347,2024-03-30,HDFCBANK,Buy,283,289.01,81789.83
T1348,2024-03-30,TATAMOTORS,Sell,53,366.79,19439.870000000003
T1349,2024-03-30,TATAMOTORS,Sell,337,371.15,125077.54999999999
T1350,2024-03-30,TATAMOTORS,Sell,107,367.35,39306.450000000004
T1351,2024-03-31,TCS,Sell,265,110.05,29163.25
T1352,2024-03-31,TCS,Sell,131,110.05,14416.55
T1353,2024-03-31,TCS,Sell,311,111.15,34567.65
T1354,2024-03-31,INFY,Sell,73,375.17,27387.41
T1355,2024-03-31,INFY,Sell,310,378.52,117341.2
T1356,2024-03-31,INFY,Sell,248,370.07,91777.36
T1357,2024-03-31,RELIANCE,Sell,29,218.19,6327.51
T1358,2024-03-31,RELIANCE,Buy,444,219.38,97404.72
T1359,2024-03-31,RELIANCE,Buy,81,215.95,17491.95
T1360,2024-03-31,HDFCBANK,Buy,30,275.09,8252.699999999999
T1361,2024-03-31,HDFCBANK,Buy,240,272.0,65280.0
T1362,2024-03-31,HDFCBANK,Buy,498,271.98,135446.04
T1363,2024-03-31,TATAMOTORS,Buy,432,341.21,147402.72
T1364,2024-03-31,TATAMOTORS,Buy,235,338.27,79493.45
T1365,2024-03-31,TATAMOTORS,Sell,486,334.8,162712.80000000002
T1366,2024-04-01,TCS,Buy,457,345.81,158035.17
T1367,2024-04-01,TCS,Buy,245,346.79,84963.55
T1368,2024-04-01,TCS,Buy,177,348.14,61620.78
T1369,2024-04-01,INFY,Buy,183,425.62,77888.46
T1370,2024-04-01,INFY,Sell,303,420.62,127447.86
T1371,2024-04-01,INFY,Sell,282,418.54,118028.28
T1372,2024-04-01,RELIANCE,Buy,477,431.23,205696.71000000002
T1373,2024-04-01,RELIANCE,Buy,442,428.69,189480.98
T1374,2024-04-01,RELIANCE,Buy,258,430.76,111136.08
T1375,2024-04-01,HDFCBANK,Buy,157,211.11,33144.270000000004
T1376,2024-04-01,HDFCBANK,Sell,320,208.86,66835.20000000001
T1377,2024-04-01,HDFCBANK,Sell,290,208.95,60595.5
T1378,2024-04-01,TATAMOTORS,Sell,301,342.24,103014.24
T1379,2024-04-01,TATAMOTORS,Buy,18,340.54,6129.72
T1380,2024-04-01,TATAMOTORS,Sell,476,342.97,163253.72
T1381,2024-04-02,TCS,Sell,260,439.99,114397.40000000001
T1382,2024-04-02,TCS,Buy,411,440.02,180848.22
T1383,2024-04-02,TCS,Buy,345,440.59,152003.55
T1384,2024-04-02,INFY,Sell,196,483.23,94713.08
T1385,2024-04-02,INFY,Sell,178,480.58,85543.23999999999
T1386,2024-04-02,INFY,Buy,118,475.11,56062.98
T1387,2024-04-02,RELIANCE,Sell,96,310.47,29805.120000000003
T1388,2024-04-02,RELIANCE,Buy,161,309.52,49832.719999999994
T1389,2024-04-02,RELIANCE,Buy,362,310.88,112538.56
T1390,2024-04-02,HDFCBANK,Buy,265,473.63,125511.95
T1391,2024-04-02,HDFCBANK,Sell,371,476.87,176918.77
T1392,2024-04-02,HDFCBANK,Sell,174,475.79,82787.46
T1393,2024-04-02,TATAMOTORS,Buy,92,293.88,27036.96
T1394,2024-04-02,TATAMOTORS,Sell,366,289.27,105872.81999999999
T1395,2024-04-02,TATAMOTORS,Sell,63,290.9,18326.699999999997
T1396,2024-04-03,TCS,Sell,498,191.19,95212.62
T1397,2024-04-03,TCS,Sell,133,194.24,25833.920000000002
T1398,2024-04-03,TCS,Sell,344,195.09,67110.96
T1399,2024-04-03,INFY,Buy,446,159.12,70967.52
T1400,2024-04-03,INFY,Sell,419,157.75,66097.25
T1401,2024-04-03,INFY,Sell,26,156.28,4063.28
T1402,2024-04-03,RELIANCE,Buy,480,291.03,139694.4
T1403,2024-04-03,RELIANCE,Sell,491,293.05,143887.55000000002
T1404,2024-04-03,RELIANCE,Buy,39,293.66,11452.740000000002
T1405,2024-04-03,HDFCBANK,Sell,116,315.39,36585.24
T1406,2024-04-03,HDFCBANK,Sell,362,318.02,115123.23999999999
T1407,2024-04-03,HDFCBANK,Sell,480,321.87,154497.6
T1408,2024-04-03,TATAMOTORS,Sell,359,121.62,43661.58
T1409,2024-04-03,TATAMOTORS,Sell,347,123.82,42965.54
T1410,2024-04-03,TATAMOTORS,Buy,101,122.5,12372.5
T1411,2024-04-04,TCS,Buy,257,387.36,99551.52
T1412,2024-04-04,TCS,Buy,30,385.66,11569.800000000001
T1413,2024-04-04,TCS,Sell,117,386.67,45240.39
T1414,2024-04-04,INFY,Buy,113,113.2,12791.6
T1415,2024-04-04,INFY,Sell,249,111.81,27840.690000000002
T1416,2024-04-04,INFY,Sell,297,113.16,33608.52
T1417,2024-04-04,RELIANCE,Sell,117,444.56,52013.52
T1418,2024-04-04,RELIANCE,Buy,267,447.2,119402.4
T1419,2024-04-04,RELIANCE,Sell,94,443.61,41699.340000000004
T1420,2024-04-04,HDFCBANK,Buy,454,268.2,121762.79999999999
T1421,2024-04-04,HDFCBANK,Sell,20,264.87,5297.4
T1422,2024-04-04,HDFCBANK,Buy,251,271.39,68118.89
T1423,2024-04-04,TATAMOTORS,Sell,273,144.77,39522.21000000001
T1424,2024-04-04,TATAMOTORS,Buy,85,141.65,12040.25
T1425,2024-04-04,TATAMOTORS,Buy,193,141.38,27286.34
T1426,2024-04-05,TCS,Buy,271,443.02,120058.42
T1427,2024-04-05,TCS,Buy,444,440.02,195368.88
T1428,2024-04-05,TCS,Sell,444,440.41,195542.04
T1429,2024-04-05,INFY,Buy,183,423.99,77590.17
T1430,2024-04-05,INFY,Sell,492,419.87,206576.04
T1431,2024-04-05,INFY,Sell,163,420.23,68497.49
T1432,2024-04-05,RELIANCE,Sell,61,279.74,17064.14
T1433,2024-04-05,RELIANCE,Sell,342,284.09,97158.77999999998
T1434,2024-04-05,RELIANCE,Sell,409,279.84,114454.55999999998
T1435,2024-04-05,HDFCBANK,Sell,221,267.93,59212.53
T1436,2024-04-05,HDFCBANK,Sell,413,270.96,111906.48
T1437,2024-04-05,HDFCBANK,Buy,178,263.04,46821.12
T1438,2024-04-05,TATAMOTORS,Sell,225,182.69,41105.25
T1439,2024-04-05,TATAMOTORS,Sell,326,182.42,59468.92
T1440,2024-04-05,TATAMOTORS,Sell,267,182.51,48730.17
T1441,2024-04-06,TCS,Buy,269,265.69,71470.61
T1442,2024-04-06,TCS,Buy,285,265.71,75727.34999999999
T1443,2024-04-06,TCS,Buy,262,268.48,70341.76000000001
T1444,2024-04-06,INFY,Sell,124,218.82,27133.68
T1445,2024-04-06,INFY,Buy,475,218.05,103573.75
T1446,2024-04-06,INFY,Sell,379,220.94,83736.26
T1447,2024-04-06,RELIANCE,Buy,243,346.61,84226.23000000001
T1448,2024-04-06,RELIANCE,Sell,44,344.98,15179.12
T1449,2024-04-06,RELIANCE,Buy,411,346.86,142559.46
T1450,2024-04-06,HDFCBANK,Sell,389,287.89,111989.20999999999
T1451,2024-04-06,HDFCBANK,Sell,242,287.15,69490.29999999999
T1452,2024-04-06,HDFCBANK,Sell,158,292.25,46175.5
T1453,2024-04-06,TATAMOTORS,Buy,299,143.68,42960.32
T1454,2024-04-06,TATAMOTORS,Sell,269,143.48,38596.119999999995
T1455,2024-04-06,TATAMOTORS,Buy,401,143.12,57391.12
T1456,2024-04-07,TCS,Sell,285,430.25,122621.25
T1457,2024-04-07,TCS,Sell,453,429.31,194477.43
T1458,2024-04-07,TCS,Buy,178,429.86,76515.08
T1459,2024-04-07,INFY,Buy,471,491.29,231397.59
T1460,2024-04-07,INFY,Sell,104,494.1,51386.4
T1461,2024-04-07,INFY,Sell,43,493.89,21237.27
T1462,2024-04-07,RELIANCE,Buy,484,468.35,226681.40000000002
T1463,2024-04-07,RELIANCE,Buy,172,466.73,80277.56
T1464,2024-04-07,RELIANCE,Buy,499,469.41,234235.59000000003
T1465,2024-04-07,HDFCBANK,Buy,137,349.01,47814.369999999995
T1466,2024-04-07,HDFCBANK,Buy,410,354.7,145427.0
T1467,2024-04-07,HDFCBANK,Buy,58,351.57,20391.06
T1468,2024-04-07,TATAMOTORS,Sell,115,445.35,51215.25
T1469,2024-04-07,TATAMOTORS,Sell,397,446.15,177121.55
T1470,2024-04-07,TATAMOTORS,Sell,15,454.82,6822.3
T1471,2024-04-08,TCS,Buy,285,484.8,138168.0
T1472,2024-04-08,TCS,Sell,147,486.2,71471.4
T1473,2024-04-08,TCS,Sell,263,484.07,127310.41
T1474,2024-04-08,INFY,Sell,400,257.56,103024.0
T1475,2024-04-08,INFY,Buy,480,262.45,125976.0
T1476,2024-04-08,INFY,Buy,292,261.22,76276.24
T1477,2024-04-08,RELIANCE,Buy,271,392.24,106297.04000000001
T1478,2024-04-08,RELIANCE,Sell,498,385.04,191749.92
T1479,2024-04-08,RELIANCE,Buy,421,388.45,163537.44999999998
T1480,2024-04-08,HDFCBANK,Sell,211,476.29,100497.19
T1481,2024-04-08,HDFCBANK,Buy,236,469.93,110903.48
T1482,2024-04-08,HDFCBANK,Buy,32,475.23,15207.36
T1483,2024-04-08,TATAMOTORS,Buy,355,184.51,65501.049999999996
T1484,2024-04-08,TATAMOTORS,Buy,426,182.59,77783.34
T1485,2024-04-08,TATAMOTORS,Sell,171,179.43,30682.530000000002
T1486,2024-04-09,TCS,Buy,120,469.29,56314.8
T1487,2024-04-09,TCS,Sell,305,474.55,144737.75
T1488,2024-04-09,TCS,Sell,135,469.4,63369.0
T1489,2024-04-09,INFY,Sell,106,246.93,26174.58
T1490,2024-04-09,INFY,Buy,267,244.71,65337.57
T1491,2024-04-09,INFY,Buy,309,242.81,75028.29
T1492,2024-04-09,RELIANCE,Buy,331,156.92,51940.52
T1493,2024-04-09,RELIANCE,Sell,102,164.96,16825.920000000002
T1494,2024-04-09,RELIANCE,Sell,370,164.88,61005.6
T1495,2024-04-09,HDFCBANK,Buy,107,391.6,41901.200000000004
T1496,2024-04-09,HDFCBANK,Sell,154,393.17,60548.18
T1497,2024-04-09,HDFCBANK,Sell,14,399.31,5590.34
T1498,2024-04-09,TATAMOTORS,Buy,31,147.06,4558.86
T1499,2024-04-09,TATAMOTORS,Sell,102,145.29,14819.58
T1500,2024-04-09,TATAMOTORS,Sell,296,147.25,43586.0
